"refried spicy delicious beans",3,207.91
"baked MSG-free lasagna",50,157.61
"Chinese chicken breast nuggets",105,136.97
"refried baked mild green beans",40,43.03
"refried cheese MSG-free pasta",90,266.21
"shredded chicken chocolate cookies",15,123.98
"turkey baked MSG-free with potatoes",22,10.67
"shredded refried mild whole corn",125,50.92
"refried garbanzo beans",73,404.77
"Chinese baked delicious green beans",20,160.12
"shredded refried chunky chocolate",25,158.03
"Chinese spicy mild green beans",66,288.14
"Chinese chicken cookies pasta",20,433.98
"turkey spicy chicken breast with eggs",20,26.75
"baked MSG-free chocolate",44,101.97
"refried chicken breast with green beans",112,392.82
"chunky whole corn",48,471.6
"refried spicy beef with bacon",1,40.4
"cheese cookies with potatoes",51,399.64
"turkey baked mild pork gravy",32,239.73
"Chinese spicy cookies little shredded mansion",67,59.83
"Chinese cheese beef with pickled vegetables",47,175.82
"Chinese baked breast with potatoes",108,244.51
"spicy light pickled vegetables",96,354
"shredded chicken pork gravy",40,73.7
"refried cheese chunky whole corn",109,470.6
"refried chunky whole corn",120,330.81
"turkey mild green beans",20,463.48
"shredded refried beans with pork gravy",45,322.92
"refried baked MSG-free pork with rice",111,137.84
"Chinese spicy delicious pork with eggs",87,448.36
"Chinese baked delicious little pickled vegetables",12,68.03
"refried cheese beans with beef with eggs",45,4.48
"Chinese refried mild pork with rice",101,441.17
"refried chicken breast with eggs",101,255.55
"Chinese refried delicious light with rice",8,72.49
"Chinese cheese MSG-free green beans",72,238.62
"turkey chicken vegetables",36,20.83
"shredded spicy cookies light pickled vegetables",9,457.11
"shredded chicken mild beef with green beans",61,446.28
"Chinese cheese delicious pasta",89,188.67
"shredded refried chicken breast with bacon",75,113.33
"refried baked cookies light pickled vegetables",64,226.96
"spicy MSG-free beef with eggs",82,192.02
"Chinese cheese beef with bacon",22,195.4
"Chinese cheese chicken breast with eggs",52,201.47
"cheese MSG-free light pickled vegetables",23,382.08
"Chinese refried beans with little with eggs",30,186.13
"refried refried MSG-free whole corn",69,301.14
"refried spicy MSG-free little with eggs",18,83.42
"delicious little pickled vegetables",6,19.1
"spicy delicious little with eggs",55,188.78
"Chinese beans with green beans",17,25.58
"spicy chunky green beans",105,333.92
"turkey delicious beans",57,466.4
"MSG-free beef with gravy",125,120.9
"turkey chicken cookies little with eggs",2,27.59
"Chinese cheese MSG-free beans",45,455.33
"Chinese chunky pasta",13,28.92
"Chinese cheese garbanzo beans",94,168.26
"shredded spicy breast nuggets",63,376.82
"turkey cheese chunky drumsticks with rice",98,11.74
"cheese chunky beef with green beans",94,35.12
"chicken delicious little with eggs",86,391.54
"turkey chicken chunky drumsticks with eggs",121,274.01
"Chinese refried pork gravy",95,44.36
"Chinese chicken MSG-free little with eggs",88,198.68
"shredded cheese delicious little pickled vegetables",38,115.91
"baked chunky little shredded mansion",13,167.63
"refried cheese garbanzo beans",35,309.37
"turkey chicken mild chocolate",122,148.88
"refried MSG-free beef with pickled vegetables",66,292.6
"Chinese refried nuggets",86,353.17
"turkey cheese chunky drumsticks with eggs",51,415.72
"Chinese refried beans with green beans",48,461.86
"chicken chunky drumsticks with eggs",97,131.45
"refried cheese mild beef with bacon",22,48.42
"baked chicken breast with green beans",8,200.18
"refried refried beans with light with rice",75,425.9
"Chinese baked cookies green beans",12,162.37
"cheese little with eggs",79,50.31
"refried cheese delicious little shredded mansion",15,436.2
"turkey cookies light bacon",123,407.11
"turkey baked MSG-free pork with rice",1,161.97
"Chinese chicken delicious nuggets",86,75.02
"baked beans with pork with rice",70,147.64
"turkey spicy chicken breast with pickled vegetables",91,366.05
"Chinese spicy mild vegetables",21,408.99
"refried delicious pork with rice",108,136.42
"Chinese baked chunky pork gravy",89,239.11
"shredded mild pork with rice",33,418.26
"Chinese spicy mild green beans",108,169.69
"Chinese baked MSG-free pork gravy",81,381.28
"turkey spicy beans with light green beans",8,306.46
"turkey chicken breast with bacon",68,351.96
"shredded mild beef with bacon",43,83.63
"chicken chunky drumsticks with rice",64,124.41
"shredded baked beans with little with eggs",38,111.85
"cookies little with rice",110,129.4
"shredded refried garbanzo beans",13,381.62
"refried refried pasta",53,411.99
"baked mild beef with eggs",82,335.51
"shredded refried chunky garbanzo beans",8,88.54
"shredded refried beans with beans",5,127.36
"Chinese chicken MSG-free green beans",31,206.5
"Chinese light with eggs",55,190.03
"refried chunky lasagna",62,471.55
"Chinese baked MSG-free green beans",7,274.68
"Chinese breast light green beans",56,42.8
"spicy cookies beans",125,476.79
"shredded baked cookies little with eggs",88,454.54
"shredded cheese chunky drumsticks with rice",87,475.86
"turkey cheese chunky beef with pickled vegetables",45,448.42
"turkey refried chunky green beans",3,403.29
"Chinese refried beans with chocolate",41,67.75
"Chinese MSG-free beef with gravy",79,225.28
"Chinese spicy beans with light green beans",49,428.82
"Chinese refried pork gravy",1,406.89
"shredded chicken delicious green beans",46,76.48
"Chinese refried mild pork with eggs",5,415.95
"turkey spicy delicious beef with eggs",47,251.72
"spicy mild nuggets",78,153.58
"shredded baked delicious light bacon",43,378.68
"shredded beef with pickled vegetables",32,16.68
"Chinese baked cookies vegetables",1,320.81
"Chinese chicken MSG-free whole corn",128,435.36
"Chinese chicken light with rice",60,449.23
"baked delicious whole corn",42,0.17
"shredded chicken MSG-free lasagna",7,323.13
"turkey baked mild light with rice",17,314.92
"shredded refried chunky little shredded mansion",68,233.78
"shredded beans with pork gravy",60,99.5
"Chinese refried mild light pickled vegetables",60,191.41
"Chinese chicken delicious light with eggs",126,113.06
"Chinese refried lasagna",42,280.88
"refried spicy garbanzo beans",47,307.03
"refried chicken delicious light with eggs",86,427.25
"spicy beef with gravy",7,449.56
"Chinese mild beans",17,225.78
"turkey chicken breast green beans",108,369.91
"cheese cookies light pickled vegetables",33,186.11
"shredded cheese mild little pickled vegetables",93,393.2
"refried delicious beef with pickled vegetables",50,295.6
"Chinese mild light green beans",128,369.77
"Chinese cheese MSG-free whole corn",89,415.53
"shredded spicy with potatoes",16,440.49
"turkey cheese beans with beans",98,169.86
"refried spicy beans with beef with eggs",3,172.18
"turkey chicken breast nuggets",28,300.02
"Chinese breast pork with rice",57,266.24
"turkey refried delicious beef with pickled vegetables",41,446.48
"refried cheese chunky chocolate",3,245.15
"refried refried delicious beef with pickled vegetables",123,59.64
"turkey cheese mild garbanzo beans",17,348.42
"shredded spicy breast green beans",45,47.94
"turkey beef with green beans",103,60.87
"shredded baked beef with bacon",15,433.77
"light bacon",117,33.39
"Chinese baked breast pork gravy",90,474.02
"refried chicken mild light with rice",124,182.19
"Chinese refried beans with beef with bacon",78,285.05
"refried spicy delicious pork with eggs",73,241.25
"Chinese baked MSG-free light with eggs",25,203.93
"Chinese refried chunky pork with eggs",12,73.48
"Chinese cheese chicken breast with bacon",17,158.72
"refried baked beans with pork with eggs",79,48.05
"spicy with potatoes",103,240.87
"Chinese cheese light with rice",6,141.39
"baked green beans",115,235.62
"Chinese spicy cookies light with eggs",10,298.86
"shredded delicious pork with rice",59,225.56
"turkey MSG-free pasta",97,24.42
"Chinese chicken cookies little with rice",35,5.96
"spicy beans with whole corn",103,178.58
"refried spicy breast little with rice",75,447.99
"refried delicious chocolate",95,180.33
"shredded cheese delicious nuggets",59,55.59
"turkey cheese MSG-free little shredded mansion",84,192.12
"refried chicken MSG-free pasta",122,0.32
"Chinese chunky whole corn",125,318.12
"turkey cheese mild little pickled vegetables",48,194.7
"shredded cheese cookies light with eggs",99,325.33
"shredded delicious whole corn",35,403.87
"beans with pasta",81,68.43
"shredded baked delicious beans",125,251.74
"turkey refried beans with pork gravy",53,118.17
"turkey cheese MSG-free pork with eggs",15,184.15
"refried baked mild light with rice",42,40.32
"refried chunky vegetables",120,149.51
"shredded refried beef with gravy",52,466.13
"refried refried mild light pickled vegetables",62,238.65
"Chinese chicken mild lasagna",71,353.44
"shredded refried chunky with potatoes",106,430.29
"shredded cheese delicious green beans",121,233.34
"refried chicken chunky chocolate",54,387.3
"Chinese breast chocolate",4,238.02
"Chinese refried delicious chocolate",28,28.36
"Chinese cheese beans with green beans",87,248.7
"Chinese cheese pasta",128,305.1
"Chinese baked cookies light pickled vegetables",95,163.98
"Chinese refried little shredded mansion",76,28.37
"turkey refried chunky drumsticks with eggs",113,436.88
"Chinese spicy chunky little with eggs",28,204.2
"turkey cheese chunky lasagna",73,423
"turkey spicy chunky beef with gravy",47,73.09
"Chinese baked beans with beef with eggs",99,392.32
"refried delicious little shredded mansion",117,191.18
"Chinese refried nuggets",71,179.99
"refried spicy cookies nuggets",83,423.64
"turkey refried cookies beans",117,403.14
"refried cheese MSG-free light green beans",29,298.4
"shredded refried chunky nuggets",98,226.16
"Chinese spicy breast whole corn",78,422.1
"shredded cheese beans with green beans",32,423.64
"turkey cheese cookies light with eggs",109,133.42
"Chinese spicy mild light bacon",11,454.26
"refried beans with with potatoes",46,343.02
"turkey chicken pasta",24,340.66
"turkey refried beans with beef with bacon",123,238.68
"Chinese beans with light bacon",107,294.55
"shredded spicy beef with eggs",31,249.21
"refried chicken mild little pickled vegetables",12,475.71
"Chinese spicy light with rice",96,372.79
"pork with eggs",85,67.1
"mild vegetables",54,416.09
"chicken chunky garbanzo beans",37,136.59
"Chinese spicy breast beans",91,350.71
"refried baked beans with little with rice",19,349.39
"Chinese chicken delicious green beans",49,229.93
"refried beans",41,202.77
"chicken pork with rice",80,420.64
"baked cookies beef with bacon",20,164.18
"cheese chunky little with rice",13,322.85
"Chinese spicy chunky beef with gravy",109,438.14
"Chinese spicy delicious pork with rice",116,374.83
"turkey chicken delicious beans",101,297.42
"Chinese mild whole corn",61,17.77
"Chinese baked mild whole corn",117,428.3
"shredded baked chunky little pickled vegetables",126,220.58
"Chinese cheese beef with pickled vegetables",72,337.3
"turkey spicy beans with beans",13,420.16
"refried delicious green beans",76,409.29
"turkey cheese breast pork with eggs",124,362.83
"refried spicy delicious lasagna",110,444.02
"turkey delicious beef with eggs",66,204.6
"Chinese chicken cookies little shredded mansion",66,235.31
"turkey spicy beans with chocolate",21,69.41
"Chinese baked MSG-free light pickled vegetables",47,166.16
"Chinese MSG-free light with eggs",27,297.35
"Chinese spicy delicious whole corn",3,68.99
"baked breast light with eggs",47,169.47
"Chinese refried delicious beef with green beans",84,409.18
"refried beans with pork gravy",125,244.32
"turkey spicy delicious garbanzo beans",94,174.81
"turkey baked breast light green beans",10,232.23
"shredded baked pork with rice",49,338.2
"shredded refried pork with rice",35,59.58
"cheese with potatoes",36,194.29
"chicken cookies vegetables",126,368.57
"shredded breast lasagna",25,215.04
"refried MSG-free light bacon",65,231.64
"refried baked beans with beef with pickled vegetables",113,205.93
"shredded refried MSG-free beef with pickled vegetables",123,422
"shredded cheese light pickled vegetables",9,2.08
"turkey mild chocolate",123,297.72
"turkey chicken nuggets",58,112.46
"baked delicious light green beans",98,149.97
"chicken breast little with rice",30,434.68
"baked breast whole corn",81,154.17
"Chinese beans with beef with eggs",51,337.8
"Chinese cheese mild beef with pickled vegetables",24,129.66
"refried baked delicious beef with bacon",86,142.73
"breast whole corn",11,290.82
"chicken beans with little shredded mansion",111,276.61
"refried cheese little shredded mansion",24,257.96
"cheese mild whole corn",121,126.98
"refried chunky pasta",34,421.6
"Chinese refried beans with whole corn",26,417.07
"Chinese spicy chunky pork with eggs",20,51.58
"Chinese spicy cookies little pickled vegetables",38,313.95
"turkey spicy delicious green beans",74,208.67
"refried refried lasagna",67,78
"refried cheese pork gravy",106,187.12
"Chinese spicy mild beef with gravy",71,434.2
"refried baked vegetables",23,174.98
"shredded chicken breast nuggets",74,209.54
"Chinese cheese delicious light bacon",16,401.33
"shredded baked delicious chocolate",15,22.23
"turkey refried chunky little shredded mansion",122,229.25
"shredded refried cookies beef with gravy",30,166.15
"Chinese chicken light bacon",5,362.38
"turkey refried chunky vegetables",42,69.49
"Chinese baked chunky little with eggs",14,318.75
"cheese cookies beef with eggs",42,103.67
"Chinese chicken breast with green beans",93,265.32
"Chinese chicken MSG-free beef with gravy",39,23.04
"refried refried cookies little with eggs",128,26.53
"spicy MSG-free pasta",75,221.06
"refried cookies with potatoes",64,307.74
"refried refried mild light with rice",110,78.14
"Chinese refried beans with light with rice",101,281.17
"shredded baked chunky beef with green beans",84,215.28
"shredded cheese chunky pork with eggs",39,220.53
"shredded spicy beans with whole corn",20,352.19
"Chinese cheese cookies vegetables",81,394.6
"turkey cheese delicious beans",11,248.03
"Chinese spicy MSG-free little with eggs",65,196.52
"Chinese chicken breast nuggets",68,90.94
"turkey little with rice",45,426.56
"turkey chicken mild beans",33,44.46
"shredded beans with light pickled vegetables",26,299.47
"Chinese chicken MSG-free pork with eggs",96,112.52
"refried chicken beans with beans",68,335.37
"Chinese cheese breast garbanzo beans",12,353.92
"refried cheese delicious pork gravy",90,163.55
"Chinese cheese cookies beef with pickled vegetables",26,240.8
"shredded cheese breast pork with rice",45,432.6
"Chinese baked beans with light pickled vegetables",64,450.5
"shredded spicy beans with beef with pickled vegetables",94,264.45
"shredded green beans",31,151.62
"cookies light green beans",32,285.74
"turkey cookies pork gravy",32,427.91
"refried refried beef with green beans",112,91.43
"refried baked MSG-free beef with pickled vegetables",14,41.56
"refried spicy beans with beef with bacon",81,451.35
"chicken cookies with potatoes",42,195.76
"refried chicken chunky whole corn",10,457.93
"turkey cheese chocolate",53,369.68
"refried baked beans with beef with bacon",33,117.7
"shredded chunky with potatoes",17,422.75
"refried cookies pork gravy",75,287
"refried spicy beans with little shredded mansion",96,417.2
"Chinese spicy beans with pork with eggs",69,235.95
"Chinese cheese cookies garbanzo beans",119,64.23
"refried little pickled vegetables",55,143.43
"refried spicy chunky whole corn",115,351.49
"refried spicy beans with beef with green beans",48,159.08
"refried light green beans",31,5.82
"shredded breast green beans",1,455.23
"pork with rice",78,394.59
"Chinese refried MSG-free green beans",107,232.47
"Chinese cheese green beans",107,220.22
"Chinese MSG-free light pickled vegetables",94,2.52
"Chinese refried mild light pickled vegetables",79,304.86
"turkey cheese cookies whole corn",110,277.7
"Chinese cheese mild little shredded mansion",12,190.99
"Chinese spicy cookies beef with pickled vegetables",38,48.95
"shredded spicy MSG-free little with rice",93,443.42
"Chinese MSG-free pork with rice",103,320.3
"turkey baked beef with green beans",64,413.94
"shredded chicken mild garbanzo beans",63,399.59
"refried spicy delicious pork with rice",35,443.59
"turkey baked beans with vegetables",64,113.44
"refried refried garbanzo beans",49,15.44
"baked light green beans",58,277.09
"turkey refried beans with pork with rice",85,319.51
"Chinese chicken breast garbanzo beans",99,98.23
"spicy delicious beef with pickled vegetables",100,187
"Chinese baked chunky garbanzo beans",31,454.26
"Chinese chicken breast pork with rice",44,422.18
"Chinese spicy MSG-free garbanzo beans",33,128.41
"Chinese refried chunky drumsticks with rice",79,33.19
"shredded refried cookies light green beans",39,163.76
"chicken delicious nuggets",23,268.15
"Chinese baked beans with green beans",28,323.54
"refried spicy delicious light green beans",20,137.35
"Chinese beans with little shredded mansion",94,7.45
"turkey breast little with eggs",3,257.21
"mild lasagna",35,33.34
"refried cheese beans with green beans",124,325.02
"shredded baked chunky drumsticks green beans",76,57.4
"shredded MSG-free pork with rice",42,274.27
"shredded baked mild light with rice",38,77.19
"shredded baked cookies vegetables",13,89.61
"refried chunky beef with gravy",61,308.74
"shredded baked whole corn",44,432
"shredded baked breast little with eggs",124,4.81
"shredded refried beans with pasta",5,350.59
"turkey chicken beans with little with rice",109,206.52
"baked beans with lasagna",94,243.87
"Chinese cheese cookies light bacon",47,178.85
"Chinese chicken MSG-free light with eggs",18,356.29
"turkey cheese beans with nuggets",114,386.59
"turkey cheese chunky chocolate",97,450.66
"Chinese chicken breast with potatoes",106,81.75
"refried baked delicious pork gravy",25,151.69
"Chinese chicken breast beans",45,373.45
"shredded chicken beans with green beans",13,453.01
"turkey refried mild beef with gravy",93,365.4
"Chinese chicken breast with pickled vegetables",119,318.05
"shredded baked mild chocolate",53,198.42
"refried chicken MSG-free vegetables",31,371.03
"Chinese chicken chunky nuggets",64,353.6
"turkey cheese chunky little with eggs",92,453.67
"refried chunky beef with pickled vegetables",79,172.12
"shredded cookies pork with rice",128,89.2
"Chinese MSG-free chocolate",110,254.94
"Chinese spicy pork with eggs",24,264.03
"Chinese chicken whole corn",43,108.2
"turkey chicken delicious light bacon",13,152.72
"Chinese baked chicken breast with green beans",20,264.34
"Chinese chicken mild pork with eggs",88,29.87
"shredded baked chunky drumsticks with rice",115,116.14
"Chinese MSG-free little shredded mansion",121,294.95
"Chinese baked beans with pork with eggs",71,438.16
"refried refried delicious pasta",52,318.35
"Chinese chicken cookies lasagna",39,211.74
"turkey spicy beans with pork with eggs",45,47.97
"refried chicken cookies light pickled vegetables",48,196.8
"turkey spicy beans with green beans",77,295.39
"baked breast pork with eggs",89,9.51
"baked chunky pork gravy",74,45.78
"Chinese spicy breast nuggets",34,370.07
"shredded spicy cookies lasagna",13,179.27
"Chinese chicken little pickled vegetables",18,7.62
"Chinese spicy MSG-free beef with eggs",120,463.64
"refried spicy chunky beef with gravy",103,148.11
"Chinese cheese mild light bacon",7,41.41
"refried mild light bacon",111,212.96
"Chinese cheese vegetables",24,348.86
"refried spicy mild beans",44,94.88
"turkey cheese delicious pork with eggs",117,443.78
"turkey chicken delicious little with eggs",15,91.66
"shredded chicken mild light pickled vegetables",58,392.37
"chicken MSG-free light with rice",74,320.8
"Chinese refried light green beans",67,265.69
"Chinese spicy cookies little shredded mansion",73,236.57
"turkey breast light with rice",28,411.04
"spicy chunky drumsticks bacon",65,7.57
"shredded chicken chunky little shredded mansion",22,385.96
"shredded baked cookies pork with eggs",24,461.82
"Chinese refried chunky nuggets",3,436.92
"refried MSG-free chocolate",27,384.74
"refried light with rice",81,195.39
"Chinese beans with with potatoes",97,210.37
"refried cookies little pickled vegetables",95,459.3
"turkey refried MSG-free pork gravy",107,178.69
"Chinese spicy mild light with rice",19,240.2
"refried spicy delicious light with rice",126,193.24
"refried delicious little shredded mansion",67,327.7
"baked green beans",52,13.83
"breast green beans",33,450.75
"shredded chicken light with rice",21,318.17
"refried baked light with eggs",63,52.46
"baked MSG-free beef with gravy",127,260.3
"baked beans",87,131.35
"refried chicken breast with bacon",118,446.86
"refried refried MSG-free light bacon",96,166.34
"cheese MSG-free little shredded mansion",82,257.95
"shredded delicious light with rice",23,289.75
"turkey light with rice",95,408.29
"refried chicken beans with pork with rice",123,129.39
"refried refried cookies light bacon",71,139.56
"shredded chicken MSG-free with potatoes",80,67.3
"Chinese cookies green beans",103,78.23
"shredded chunky pasta",19,213.66
"refried cookies lasagna",115,300.81
"Chinese baked breast light green beans",18,101.34
"shredded spicy cookies beef with gravy",89,60.62
"nuggets",42,99.48
"refried garbanzo beans",78,16.78
"refried refried MSG-free vegetables",48,267.94
"refried spicy little pickled vegetables",30,436.05
"shredded spicy mild garbanzo beans",13,300.81
"Chinese cheese breast light pickled vegetables",67,300.6
"refried spicy light pickled vegetables",35,285.17
"refried refried MSG-free pork with rice",52,13.33
"refried MSG-free garbanzo beans",5,394.54
"turkey cookies with potatoes",110,397.05
"refried cheese chunky with potatoes",19,178.11
"Chinese spicy delicious light pickled vegetables",10,435.15
"turkey spicy delicious green beans",39,149.54
"Chinese beans",117,467.04
"turkey chicken delicious vegetables",58,8.38
"baked breast beans",27,227.23
"shredded chicken MSG-free beef with bacon",115,474.48
"refried cheese mild beef with pickled vegetables",26,97.89
"cheese pork gravy",98,431.7
"Chinese breast pork gravy",13,309.45
"Chinese refried cookies green beans",49,18.36
"turkey spicy breast whole corn",101,363.93
"Chinese refried MSG-free beef with pickled vegetables",62,258.26
"shredded chicken lasagna",85,42.13
"shredded refried nuggets",10,150.96
"shredded chunky vegetables",101,189.56
"refried spicy breast light with eggs",79,161.63
"Chinese baked pork gravy",49,186.84
"Chinese chicken light pickled vegetables",34,240.78
"Chinese baked chunky beef with gravy",62,471.52
"Chinese refried light pickled vegetables",29,10.76
"turkey cheese beans with light pickled vegetables",29,371.07
"shredded spicy beans with light with rice",85,44.67
"turkey cheese light pickled vegetables",54,16.87
"shredded cheese breast chocolate",16,115.36
"Chinese spicy delicious whole corn",54,330.66
"refried cookies beef with green beans",60,147.42
"mild pasta",21,420.91
"refried spicy mild light pickled vegetables",37,75.85
"shredded chicken beans with light with eggs",115,430.78
"chicken MSG-free little pickled vegetables",42,366.25
"Chinese chicken chicken breast with bacon",5,267.49
"Chinese cheese beef with gravy",80,463.52
"turkey mild beef with bacon",127,73.58
"turkey chicken cookies pasta",65,215.08
"Chinese refried beans with green beans",21,22.51
"cheese light with rice",94,427.73
"refried baked mild beef with pickled vegetables",106,44.34
"delicious light with eggs",111,409.28
"Chinese cheese chunky little shredded mansion",110,59.91
"refried refried MSG-free garbanzo beans",10,329.58
"spicy breast light bacon",8,143.79
"refried delicious light with rice",93,32.61
"turkey refried light with rice",64,386.09
"turkey refried chicken breast with eggs",83,148.36
"Chinese chunky drumsticks with eggs",46,199.52
"turkey baked chunky beef with green beans",63,12.69
"refried with potatoes",43,449.25
"turkey chicken MSG-free nuggets",109,222.01
"turkey cheese pasta",3,99.93
"turkey refried chunky pork with eggs",21,154.7
"Chinese cheese breast light with eggs",99,260
"refried cookies little shredded mansion",75,120.47
"Chinese spicy light pickled vegetables",72,88.89
"chicken beans with with potatoes",27,269.6
"cheese chunky pasta",7,413.35
"Chinese spicy cookies pork gravy",17,167.33
"Chinese refried delicious pork gravy",85,10.49
"turkey refried light bacon",52,468.96
"refried nuggets",115,183.59
"shredded chicken cookies lasagna",128,308.66
"cookies pork with rice",65,103.06
"Chinese chicken delicious little shredded mansion",91,168.77
"shredded refried chicken breast with eggs",113,171.64
"turkey little shredded mansion",107,78.13
"refried baked beans with chocolate",74,146.83
"turkey spicy breast chocolate",53,91.03
"Chinese spicy light bacon",24,179.61
"Chinese cheese cookies garbanzo beans",32,225.45
"refried cheese breast garbanzo beans",124,69.63
"refried refried nuggets",111,224.45
"spicy chicken breast with green beans",112,246.12
"shredded spicy mild beef with pickled vegetables",90,280.63
"shredded baked MSG-free pork with rice",34,258.2
"shredded spicy delicious vegetables",54,269.57
"refried chicken chunky pork gravy",22,326.5
"Chinese cheese vegetables",112,454.86
"Chinese cheese MSG-free green beans",61,196.07
"baked mild nuggets",40,51.34
"refried cheese delicious pasta",111,107.01
"Chinese MSG-free pork with eggs",63,162.76
"Chinese baked chunky little shredded mansion",117,300.09
"turkey baked cookies pork with eggs",66,233.36
"turkey refried beans",92,272.46
"cheese nuggets",43,125.02
"refried MSG-free with potatoes",25,121.46
"turkey chicken breast with gravy",81,90.78
"Chinese baked delicious beef with bacon",86,357.85
"Chinese spicy cookies garbanzo beans",110,290.02
"Chinese refried MSG-free beef with bacon",30,189.2
"cookies light pickled vegetables",114,463.39
"Chinese cheese MSG-free nuggets",95,65.24
"Chinese baked breast little with rice",57,424.32
"beans with little with eggs",114,353.15
"shredded chicken mild chocolate",56,42.22
"chunky vegetables",12,330.95
"Chinese chicken beans with light pickled vegetables",113,27.5
"Chinese refried beans with light green beans",119,98.84
"turkey spicy mild little pickled vegetables",16,465.27
"Chinese baked breast pork with eggs",108,342.64
"Chinese refried delicious little shredded mansion",61,253.53
"shredded MSG-free little with rice",65,381.2
"turkey spicy cookies little with rice",56,88.82
"refried cheese beans with light with rice",81,415.26
"shredded chicken chunky green beans",26,117.79
"shredded cookies light pickled vegetables",29,321.03
"turkey mild little with rice",98,163.84
"Chinese chunky beef with gravy",15,405.99
"refried cheese beans with garbanzo beans",2,75.18
"shredded beans with whole corn",65,334.61
"shredded refried mild green beans",110,344.6
"shredded chicken light with eggs",88,339.56
"turkey spicy MSG-free light with rice",20,133.91
"Chinese chicken beans with beef with gravy",24,441.56
"little with eggs",121,465.25
"refried MSG-free with potatoes",20,34.76
"Chinese cheese beans with light pickled vegetables",115,330.27
"turkey baked mild light green beans",20,229.99
"shredded spicy beans with chocolate",32,187.73
"refried baked breast beans",36,340.35
"Chinese refried chunky drumsticks with rice",27,157.05
"Chinese nuggets",64,391.37
"Chinese refried delicious whole corn",27,385.87
"refried cheese cookies pork with rice",36,136.97
"shredded cheese beans with with potatoes",93,236.42
"shredded spicy chunky beef with eggs",112,427.05
"refried chicken cookies whole corn",87,97.01
"Chinese chicken chunky pork with rice",2,153.05
"turkey cheese delicious little with rice",72,12.18
"Chinese baked beans with little with eggs",65,359.93
"beef with gravy",42,71.81
"Chinese cheese delicious pork with eggs",81,454.43
"turkey chicken mild beef with eggs",126,282.77
"Chinese cheese nuggets",55,51.94
"turkey cheese delicious light bacon",88,380.57
"Chinese breast little pickled vegetables",35,302.11
"shredded chocolate cookies",42,405.33
"refried cheese delicious whole corn",41,422.49
"Chinese baked cookies beef with gravy",2,383.54
"Chinese breast light bacon",98,462.95
"refried cheese chunky little with rice",33,100.77
"shredded chicken beans with whole corn",68,54.36
"refried MSG-free beef with green beans",75,448.01
"Chinese cheese breast green beans",68,112.57
"refried beans with little with rice",82,175.78
"Chinese breast little with rice",33,280.98
"cheese breast light pickled vegetables",121,144.44
"shredded spicy cookies little shredded mansion",76,321.51
"shredded refried delicious beans",26,84.91
"shredded refried whole corn",41,461.83
"Chinese delicious lasagna",74,216.87
"shredded chicken cookies green beans",30,279.21
"Chinese cheese cookies light with rice",23,150.2
"Chinese refried cookies light pickled vegetables",28,240.37
"shredded spicy beans with beef with bacon",123,397.48
"Chinese spicy breast chocolate",122,146.89
"turkey breast pasta",23,311.41
"shredded refried mild vegetables",37,267.68
"beans",110,390.7
"refried spicy delicious pork gravy",128,300.3
"Chinese cheese mild light with rice",44,386.81
"Chinese chicken mild lasagna",73,310.41
"refried spicy cookies beans",3,427.3
"turkey spicy mild beef with eggs",20,285.94
"Chinese baked MSG-free little with eggs",128,314.58
"Chinese beans with light with rice",116,51.92
"Chinese baked cookies pasta",55,124.07
"Chinese spicy mild nuggets",105,291.25
"turkey spicy cookies pork with rice",44,56.55
"turkey spicy chunky pasta",64,452.17
"Chinese spicy beans with little with eggs",42,307.99
"spicy light with eggs",12,58.54
"turkey baked breast vegetables",79,347.97
"shredded baked beans with nuggets",56,415.7
"Chinese beans with light pickled vegetables",13,167.02
"Chinese spicy mild beef with green beans",92,260.66
"refried mild chocolate",47,207.27
"turkey cheese beans with little shredded mansion",114,296.97
"shredded cheese little with rice",84,281.54
"refried baked delicious pasta",34,277.2
"refried refried chocolate cookies",98,344.36
"baked chicken breast with pickled vegetables",110,8.19
"Chinese baked MSG-free pork with eggs",72,189.68
"shredded refried vegetables",104,409.81
"Chinese cheese chicken breast with gravy",15,89.8
"turkey cheese chunky beans",42,148.71
"Chinese spicy cookies light green beans",36,69.75
"Chinese cheese cookies little shredded mansion",104,147.84
"chicken delicious green beans",34,379.26
"Chinese chicken MSG-free light with rice",81,84.6
"cheese MSG-free lasagna",80,69.96
"shredded delicious beef with bacon",59,10.81
"turkey refried beans with vegetables",30,367.67
"Chinese cheese chunky whole corn",54,347.2
"Chinese chicken pork with rice",20,148.83
"refried chicken delicious little with eggs",23,146.8
"Chinese breast pasta",44,354.26
"Chinese cheese mild chocolate",112,372.38
"refried spicy chunky green beans",30,75.25
"cheese cookies whole corn",118,92.64
"Chinese cheese delicious garbanzo beans",125,359.51
"Chinese chicken cookies green beans",99,99.07
"MSG-free beans",84,136.26
"shredded baked delicious pork with eggs",88,168.14
"Chinese chicken breast light pickled vegetables",91,290.58
"Chinese baked delicious nuggets",114,187.6
"turkey light bacon",107,368.52
"Chinese chunky drumsticks pickled vegetables",41,119.14
"chicken mild garbanzo beans",7,180.2
"baked mild green beans",73,117.64
"refried cheese mild pork gravy",48,413.02
"Chinese spicy beans with vegetables",110,459.83
"shredded spicy breast pasta",61,65.69
"baked breast vegetables",83,435.92
"Chinese spicy beans with nuggets",117,127.34
"shredded refried beans with beef with bacon",62,274.9
"turkey refried MSG-free light green beans",3,368.47
"Chinese beans with beef with bacon",59,169.02
"shredded refried beans with light bacon",117,401.22
"shredded refried vegetables",22,230.92
"turkey spicy cookies with potatoes",42,474.16
"shredded baked breast light pickled vegetables",25,143.14
"refried chicken chicken breast with bacon",87,36.46
"shredded refried chunky green beans",56,98.84
"Chinese chunky with potatoes",17,396.9
"refried delicious lasagna",14,72.41
"shredded cheese chicken breast with bacon",76,188.06
"refried spicy cookies beef with gravy",80,193.93
"refried chicken chicken breast with gravy",82,465.52
"baked chicken breast with eggs",86,134.38
"turkey breast vegetables",93,431.33
"turkey refried MSG-free light with rice",115,208.96
"Chinese spicy breast little with rice",97,181.09
"refried green beans",57,270.14
"Chinese mild pork with rice",41,73.61
"shredded cheese MSG-free whole corn",71,329.68
"Chinese refried beans with beef with gravy",104,39.78
"refried beans with whole corn",88,313.21
"Chinese cheese mild beef with gravy",114,114.75
"Chinese baked chunky beans",115,235.7
"baked chunky beef with gravy",97,385.33
"spicy cookies pasta",15,138.73
"turkey spicy light bacon",105,241.02
"baked chunky little pickled vegetables",58,59.44
"spicy beans with green beans",32,121.55
"spicy mild pork with rice",120,142.87
"Chinese chicken breast little pickled vegetables",9,315.84
"turkey spicy delicious beans",119,222.37
"Chinese vegetables",64,60.52
"refried cheese mild light pickled vegetables",77,167.15
"refried baked light with rice",111,298.32
"shredded spicy MSG-free pork with eggs",74,392.71
"refried chicken mild light bacon",36,371.89
"turkey chicken MSG-free whole corn",98,336.64
"Chinese refried chunky beef with pickled vegetables",82,255.19
"spicy beans with beef with gravy",10,13.69
"Chinese baked chocolate cookies",52,473.43
"turkey mild light pickled vegetables",40,112.74
"Chinese spicy breast light bacon",8,34.98
"Chinese delicious light with eggs",59,292.42
"turkey chicken mild little shredded mansion",46,40.09
"refried beans with green beans",108,437.3
"Chinese baked breast green beans",55,93.66
"little pickled vegetables",82,138.39
"Chinese breast little pickled vegetables",53,423.32
"turkey refried chunky little with eggs",62,417.07
"Chinese breast pork with rice",77,437.23
"refried refried beans with little pickled vegetables",2,265.03
"refried refried cookies green beans",112,212.88
"turkey spicy beans with pasta",7,34.37
"Chinese spicy little pickled vegetables",101,51.11
"turkey baked delicious light pickled vegetables",53,319.54
"Chinese cookies beef with bacon",54,353.15
"Chinese refried green beans",1,421.79
"shredded chicken beef with green beans",51,343.6
"Chinese mild light with eggs",79,210.79
"Chinese cheese mild vegetables",93,373.51
"chicken chunky vegetables",9,467.9
"Chinese chicken mild light with rice",37,84.53
"refried chicken MSG-free beef with green beans",32,211.18
"Chinese baked breast green beans",54,333
"turkey refried delicious green beans",44,289.77
"Chinese refried mild little with rice",41,433.07
"refried refried mild light bacon",49,454.9
"Chinese cheese breast little shredded mansion",39,146.29
"Chinese baked MSG-free vegetables",119,296.41
"turkey chicken chunky drumsticks bacon",23,210.47
"shredded little pickled vegetables",28,203.21
"turkey baked beans with beef with eggs",92,260.81
"Chinese MSG-free green beans",32,390.59
"Chinese refried cookies little pickled vegetables",59,395.38
"Chinese breast green beans",34,198.1
"spicy chunky pork with eggs",65,90.89
"Chinese delicious beef with pickled vegetables",97,279.68
"Chinese spicy delicious light pickled vegetables",65,96.8
"turkey MSG-free little with rice",110,446.01
"spicy MSG-free lasagna",64,438.66
"refried spicy mild light with eggs",112,69.49
"refried cheese chunky garbanzo beans",71,239.4
"turkey baked MSG-free light with rice",81,348.88
"Chinese refried beef with bacon",30,224.18
"Chinese mild little pickled vegetables",80,428.87
"shredded cheese beans with little with eggs",95,397.01
"Chinese cheese cookies pork gravy",62,61.45
"Chinese chicken beans with nuggets",23,325.95
"turkey spicy MSG-free beef with eggs",61,386.88
"Chinese baked delicious whole corn",108,283.03
"turkey spicy mild little shredded mansion",10,200.23
"Chinese refried MSG-free pork gravy",87,359.45
"refried chunky beans",122,5.73
"refried refried cookies little pickled vegetables",78,112.4
"refried green beans",19,195.93
"Chinese refried mild pasta",102,383.28
"shredded baked beans with light bacon",64,147.55
"turkey chicken delicious pork gravy",110,308.68
"refried baked cookies light with eggs",12,400.6
"Chinese spicy breast nuggets",63,290.91
"Chinese chicken cookies pork with eggs",8,100.78
"refried refried little pickled vegetables",112,445.92
"turkey spicy beans with light bacon",67,410.87
"refried chicken cookies vegetables",61,81.4
"refried refried MSG-free beef with pickled vegetables",41,165.57
"turkey spicy beans with lasagna",3,327.41
"Chinese baked MSG-free little with rice",83,6.76
"refried baked mild little pickled vegetables",96,421.72
"refried baked beans with pork gravy",105,324.67
"Chinese cheese beans with light with rice",48,440.11
"MSG-free little with rice",25,281.4
"refried refried mild whole corn",9,113.5
"Chinese spicy beans with nuggets",80,121.62
"turkey refried little pickled vegetables",86,34.32
"shredded refried with potatoes",35,86.91
"Chinese spicy MSG-free pasta",78,340.44
"refried spicy breast beans",3,410.87
"Chinese refried cookies beef with green beans",115,173.68
"shredded chicken MSG-free light pickled vegetables",100,469.84
"turkey chicken MSG-free little pickled vegetables",13,184.46
"turkey beans with little pickled vegetables",16,454.57
"shredded cheese cookies beef with green beans",60,416.71
"Chinese spicy cookies green beans",29,3.3
"Chinese refried pasta",107,53.39
"Chinese baked breast light with eggs",6,72.72
"Chinese refried chunky beans",101,210.15
"shredded refried MSG-free chocolate",72,199.18
"shredded refried chunky beef with bacon",81,298.75
"turkey breast nuggets",62,9.27
"refried chicken breast green beans",4,321.73
"refried cheese chunky nuggets",18,391.5
"shredded spicy delicious whole corn",55,385.65
"turkey baked beans with garbanzo beans",102,121.55
"turkey green beans",39,470.12
"refried chicken chunky beef with eggs",29,135.8
"shredded cookies light green beans",100,357.69
"Chinese refried MSG-free nuggets",111,63.28
"Chinese cheese MSG-free with potatoes",119,463.47
"turkey refried mild green beans",83,387.71
"Chinese chicken MSG-free beans",107,139.54
"Chinese chicken delicious whole corn",114,353.18
"Chinese baked beef with green beans",41,331.87
"Chinese cheese chocolate cookies",62,271.9
"refried refried beans with light green beans",63,158.62
"shredded spicy breast with potatoes",109,13.96
"shredded cheese mild chocolate",111,41.92
"spicy pasta",51,418.49
"baked delicious beef with pickled vegetables",24,313.71
"refried baked chunky beef with green beans",128,273.64
"refried cheese mild green beans",31,362.58
"Chinese breast light with eggs",72,53.74
"turkey spicy chicken breast with gravy",73,314.08
"shredded baked breast nuggets",39,135.49
"turkey cheese beans with beef with gravy",88,235.13
"turkey baked beans with with potatoes",104,326.79
"Chinese breast garbanzo beans",36,219.67
"turkey spicy mild light pickled vegetables",23,144.02
"Chinese cheese beans with little with rice",8,176.32
"Chinese baked breast chocolate",125,447.42
"turkey chicken MSG-free beef with bacon",95,378.79
"cheese chunky lasagna",106,257.62
"refried cheese beef with pickled vegetables",12,167.47
"Chinese refried beans with light with eggs",96,51.35
"shredded chicken beans with nuggets",71,299.23
"Chinese chicken mild beef with gravy",106,380.11
"refried refried MSG-free little with eggs",95,408.1
"Chinese chicken mild little pickled vegetables",115,76.87
"shredded refried light pickled vegetables",44,457.69
"Chinese cheese cookies light pickled vegetables",111,38.07
"chicken beans with light with rice",123,359.6
"Chinese baked beans",75,300.12
"shredded refried chunky beef with eggs",110,83.03
"refried cheese beef with bacon",102,312.26
"turkey cookies pasta",100,195.78
"shredded cheese breast little with rice",4,268.92
"refried chunky little shredded mansion",6,131.72
"Chinese spicy MSG-free green beans",98,406.14
"Chinese cheese chunky beef with bacon",37,373.02
"refried refried delicious little with eggs",53,22.29
"Chinese baked beans with with potatoes",95,298.6
"Chinese refried delicious vegetables",69,144.96
"turkey cookies garbanzo beans",111,293.65
"shredded refried mild green beans",73,397.68
"Chinese chicken beef with green beans",17,133.9
"Chinese mild light with rice",68,242.87
"refried chicken chunky beef with green beans",58,15.92
"turkey beans with nuggets",120,143.02
"Chinese cookies whole corn",121,25.85
"spicy cookies light bacon",12,62.09
"turkey spicy chunky green beans",116,65.26
"Chinese baked cookies light with rice",70,393.21
"shredded cheese mild light pickled vegetables",29,455.72
"Chinese spicy chicken breast with eggs",75,121.05
"spicy MSG-free beans",56,297.59
"shredded chicken cookies beef with green beans",32,138.5
"refried refried pork gravy",25,177.09
"refried beans with beef with eggs",35,306.48
"shredded delicious pork gravy",118,307.89
"turkey cookies little with rice",97,331.31
"pork gravy",23,473.22
"Chinese refried mild green beans",102,471.15
"turkey cheese cookies beef with gravy",94,59.87
"Chinese cheese breast nuggets",76,274.2
"Chinese cheese cookies little with rice",96,285.24
"Chinese refried MSG-free garbanzo beans",46,110.93
"Chinese baked cookies lasagna",89,367.69
"shredded refried beans with light with eggs",13,110.88
"Chinese chicken beans with light pickled vegetables",94,365.79
"refried cheese beans with pork with eggs",33,169.9
"refried baked cookies garbanzo beans",75,286.77
"Chinese cheese breast light bacon",30,17.55
"turkey cheese mild beans",59,392.78
"turkey MSG-free pork with eggs",25,434.21
"Chinese refried light bacon",79,318.23
"shredded chunky beef with bacon",84,190.76
"Chinese cookies beef with gravy",40,40.14
"shredded cheese beans with light green beans",65,73.07
"refried cheese light pickled vegetables",75,213.33
"turkey baked beans with chocolate",58,246.24
"turkey refried chunky beans",113,294.15
"Chinese green beans",102,116.34
"spicy cookies vegetables",3,74.15
"Chinese refried MSG-free beans",11,439.84
"Chinese spicy chunky chocolate",82,182.39
"refried beans with nuggets",24,336.94
"Chinese light with rice",28,51.35
"chicken chunky green beans",73,338.29
"turkey cheese cookies pork with eggs",97,325.34
"Chinese baked delicious little with eggs",68,111.05
"refried refried beans with green beans",55,239.95
"shredded MSG-free whole corn",50,367.01
"turkey spicy chunky drumsticks with eggs",75,282.37
"delicious pork gravy",53,257.9
"refried cheese chunky drumsticks pickled vegetables",90,234.45
"cheese MSG-free beef with eggs",38,165.21
"Chinese refried beans",63,79.18
"turkey chicken delicious nuggets",15,400.74
"shredded chicken beans with pork gravy",15,82.35
"refried spicy delicious little shredded mansion",27,224.8
"Chinese cheese chunky little with rice",3,132.92
"turkey delicious light bacon",112,370.41
"cheese breast lasagna",7,354.02
"little with rice",99,380.38
"chunky pork with eggs",94,245.99
"Chinese chicken beans with green beans",89,400.14
"baked light with eggs",114,381.31
"shredded cookies lasagna",56,146.27
"shredded refried delicious pasta",127,323.08
"Chinese baked chocolate",87,447.82
"turkey chicken MSG-free chocolate",1,195.89
"Chinese baked breast pasta",19,229.17
"Chinese refried chunky little shredded mansion",80,215.44
"turkey spicy mild lasagna",127,287.71
"Chinese chicken MSG-free pork gravy",111,456.98
"Chinese refried beans with lasagna",106,261.31
"Chinese chicken mild with potatoes",118,334.18
"Chinese cheese beans with beef with eggs",84,135.81
"Chinese chicken mild green beans",40,80.44
"refried baked delicious vegetables",99,386.1
"mild beef with green beans",113,102.65
"shredded baked breast pork with rice",103,460.46
"cheese mild green beans",82,2.32
"shredded refried cookies light with eggs",33,320.01
"refried pasta",49,140
"shredded chicken beans with beef with eggs",6,451.67
"Chinese chicken cookies garbanzo beans",48,471.1
"refried chocolate",96,417.73
"Chinese refried green beans",79,298.55
"refried chicken mild beef with eggs",74,27.42
"Chinese chicken beef with green beans",30,299.91
"Chinese spicy MSG-free with potatoes",50,44.63
"turkey chicken cookies little with rice",5,435.22
"Chinese refried cookies little pickled vegetables",116,168.87
"shredded cookies with potatoes",16,294.93
"turkey baked breast little pickled vegetables",61,23.84
"turkey baked chunky pork gravy",98,132.64
"Chinese spicy beans with light with rice",122,194.3
"shredded MSG-free with potatoes",49,13.93
"Chinese chicken delicious green beans",47,254.42
"Chinese chicken breast with eggs",128,469.63
"Chinese spicy pasta",112,363.4
"turkey chicken chunky pasta",86,432.74
"shredded cheese chicken breast with green beans",69,433.67
"shredded spicy light bacon",54,300.44
"Chinese spicy cookies light pickled vegetables",126,116.92
"Chinese spicy chunky beef with eggs",113,277.08
"Chinese baked beans with light with rice",47,265.74
"chicken MSG-free green beans",109,67.38
"shredded refried little shredded mansion",102,58.1
"refried refried cookies whole corn",84,174.68
"refried spicy beans with pork gravy",77,19.1
"refried refried delicious little with rice",77,459.72
"Chinese baked breast light green beans",96,229.59
"turkey spicy chunky little shredded mansion",127,47.05
"turkey spicy mild green beans",3,161.49
"Chinese refried cookies beef with green beans",86,425.96
"turkey chicken with potatoes",121,450.27
"shredded refried delicious light pickled vegetables",8,271.95
"spicy mild beef with gravy",96,220.83
"refried refried beans with little with eggs",23,339.98
"Chinese refried chunky green beans",79,401.68
"Chinese chicken cookies little with rice",50,92
"Chinese spicy breast light pickled vegetables",57,346.05
"Chinese refried beef with pickled vegetables",112,385.79
"shredded refried chicken breast with gravy",58,250.6
"shredded chicken light green beans",70,387.52
"Chinese baked beans with vegetables",24,469.27
"refried spicy vegetables",23,235.9
"Chinese baked chunky beef with eggs",26,186.97
"shredded baked breast with potatoes",68,221
"cheese delicious beef with green beans",98,423.19
"refried cheese beans with light with eggs",71,20.56
"Chinese spicy chunky lasagna",128,274.17
"spicy delicious nuggets",119,13.74
"shredded baked breast pasta",92,74.13
"cheese MSG-free light with rice",19,373.28
"shredded cheese chunky beef with gravy",42,422.38
"Chinese cheese delicious beef with bacon",72,33.31
"turkey chicken cookies lasagna",86,10.46
"Chinese cheese beans with beef with bacon",47,201.25
"refried cookies little shredded mansion",106,213.77
"turkey chicken cookies light with rice",42,22.71
"shredded MSG-free little with eggs",42,386.14
"turkey refried delicious light pickled vegetables",62,355.59
"Chinese beans with beef with green beans",1,412.07
"baked beans with light with eggs",88,89.66
"Chinese refried cookies whole corn",73,319.91
"shredded cheese breast pasta",23,15.8
"turkey cheese delicious with potatoes",87,154.47
"Chinese delicious with potatoes",104,282.55
"Chinese baked breast green beans",12,267.34
"shredded baked light with rice",120,61.03
"shredded chicken MSG-free green beans",71,366.52
"Chinese cheese chunky beef with pickled vegetables",80,66.42
"turkey refried delicious nuggets",127,347.56
"turkey mild with potatoes",32,362.78
"refried spicy MSG-free beef with bacon",9,468.78
"Chinese cheese breast light green beans",4,235.47
"Chinese cheese MSG-free light bacon",91,108.78
"spicy MSG-free beef with pickled vegetables",47,45.25
"Chinese cheese garbanzo beans",27,351.59
"shredded baked mild little shredded mansion",22,346
"refried chunky little pickled vegetables",59,77.01
"Chinese spicy MSG-free light pickled vegetables",43,116.59
"cheese delicious little with rice",95,212.92
"Chinese refried beans with beef with green beans",67,76.61
"Chinese chicken delicious garbanzo beans",33,233.7
"turkey baked breast green beans",88,218.15
"shredded baked breast pork gravy",85,95.21
"turkey chicken beans with pork with eggs",104,321.79
"mild light bacon",40,67.84
"refried chicken MSG-free light with rice",52,138.27
"refried spicy light with eggs",49,232.91
"shredded baked MSG-free little with eggs",110,39.32
"Chinese refried MSG-free pork with rice",59,184.37
"Chinese chicken chicken breast with pickled vegetables",86,452.13
"Chinese chicken breast green beans",29,7.32
"spicy breast little shredded mansion",122,188.29
"refried cheese pork with rice",24,210.04
"Chinese chicken breast with green beans",47,64.11
"shredded refried delicious vegetables",34,358.17
"Chinese breast green beans",64,181.24
"Chinese chicken mild little with eggs",63,419.76
"Chinese spicy chunky green beans",20,453.54
"baked delicious green beans",51,274.65
"turkey chicken breast with pickled vegetables",37,59.46
"cheese breast little shredded mansion",47,196.92
"shredded chicken chunky drumsticks with rice",112,388.13
"spicy delicious light green beans",87,200
"Chinese cheese mild garbanzo beans",73,11.43
"Chinese spicy beans with light pickled vegetables",125,264.6
"turkey baked pasta",85,238.23
"Chinese beef with eggs",103,318.36
"refried baked delicious chocolate",67,298.34
"shredded refried MSG-free little pickled vegetables",94,213.83
"delicious pasta",40,341.3
"Chinese spicy beans with chocolate",33,388.11
"refried chunky drumsticks pickled vegetables",94,29.91
"cheese light green beans",52,436.23
"shredded delicious little shredded mansion",117,201.74
"refried chicken cookies pasta",72,24.6
"Chinese cheese mild pork with eggs",127,402.44
"Chinese MSG-free beans",26,428.36
"Chinese baked delicious pasta",38,18.1
"shredded refried MSG-free light with rice",41,65.63
"Chinese chicken pasta",125,369.35
"refried refried chunky beans",76,102.14
"cheese delicious little shredded mansion",47,188.83
"shredded chicken breast chocolate",47,229.53
"turkey refried beef with eggs",81,149.67
"Chinese garbanzo beans",31,149.4
"Chinese spicy nuggets",103,123.36
"chicken MSG-free light pickled vegetables",35,259.9
"Chinese chicken delicious chocolate",68,425.57
"Chinese refried pork gravy",69,430.8
"shredded baked breast light with rice",13,71.42
"delicious beef with bacon",118,429.98
"Chinese mild whole corn",126,474.76
"refried cheese cookies green beans",12,369.56
"Chinese spicy chunky drumsticks pickled vegetables",26,280.53
"cheese cookies pork gravy",36,39.28
"shredded refried beans with beef with green beans",4,332.85
"Chinese baked MSG-free light green beans",46,122.5
"refried baked chunky pork with eggs",51,236.3
"refried baked MSG-free vegetables",6,428.33
"Chinese spicy light bacon",125,252.05
"turkey cookies beef with pickled vegetables",68,290.16
"Chinese baked beans with whole corn",20,28.62
"cheese breast whole corn",16,249.05
"turkey spicy cookies little shredded mansion",7,469.08
"shredded spicy MSG-free vegetables",2,276.64
"refried cheese delicious little with rice",67,326.3
"refried cheese chunky lasagna",109,268.27
"Chinese cheese MSG-free light green beans",51,434.77
"shredded refried garbanzo beans",83,295.23
"Chinese cookies nuggets",115,98.37
"turkey cheese beans with beef with green beans",79,462.94
"spicy little pickled vegetables",93,447.3
"Chinese refried MSG-free little with eggs",75,374.36
"turkey chicken cookies little shredded mansion",104,16.55
"cheese chunky pork with eggs",58,399.7
"turkey refried light pickled vegetables",53,420.08
"Chinese spicy delicious pasta",119,84.19
"Chinese refried delicious lasagna",114,294.84
"shredded baked mild beans",74,121.75
"refried delicious with potatoes",57,340.68
"baked breast light bacon",105,289.27
"chicken chicken breast with green beans",16,53.7
"shredded cheese chunky green beans",17,468.55
"Chinese refried MSG-free little pickled vegetables",60,24.37
"refried baked delicious whole corn",118,429.38
"refried refried garbanzo beans",37,16.96
"turkey baked chunky beef with gravy",103,21.27
"Chinese refried cookies beef with gravy",43,211.75
"shredded chunky little pickled vegetables",52,51.38
"refried cookies little with eggs",44,169.93
"Chinese breast little with eggs",18,381.53
"shredded cheese MSG-free nuggets",65,318.16
"refried chicken cookies pork with rice",56,265.52
"shredded cheese mild beef with bacon",84,398.34
"refried baked green beans",42,93.19
"Chinese chicken chunky little with rice",91,242.47
"Chinese chicken mild pasta",23,164.04
"chicken chunky pork gravy",2,100.82
"shredded cheese delicious light pickled vegetables",27,81.1
"turkey cheese chunky vegetables",85,182.04
"turkey baked delicious light with eggs",31,165.86
"refried chocolate",99,15.77
"baked cookies pasta",56,248.77
"Chinese spicy MSG-free light with rice",6,57.85
"shredded baked mild light green beans",21,439.65
"Chinese baked beans with little pickled vegetables",118,147.55
"Chinese spicy delicious pork gravy",118,149.94
"Chinese baked chunky drumsticks with rice",32,134.07
"spicy delicious pork with eggs",30,262.99
"turkey baked breast little with rice",46,38.87
"shredded spicy cookies light green beans",109,160.48
"Chinese chunky little with rice",5,145.86
"baked beef with gravy",46,341.52
"Chinese MSG-free whole corn",16,195.63
"turkey mild beef with eggs",65,451.86
"Chinese chicken beans with whole corn",58,392.81
"shredded mild little shredded mansion",7,364.57
"chicken delicious pork gravy",77,296.08
"refried cheese mild green beans",86,304.07
"refried light bacon",20,387.09
"refried baked delicious little pickled vegetables",26,368.8
"turkey chicken beans with light pickled vegetables",51,243.56
"Chinese chicken MSG-free lasagna",105,184.11
"turkey MSG-free light pickled vegetables",61,433.48
"turkey chicken beans with pasta",63,66.5
"shredded baked beef with pickled vegetables",113,199.02
"turkey baked chunky drumsticks with eggs",17,461.94
"shredded cheese chunky beef with bacon",77,301.9
"Chinese baked delicious light bacon",102,373.24
"refried spicy cookies little with eggs",68,441.28
"refried delicious with potatoes",82,257.55
"refried chicken chunky drumsticks pickled vegetables",122,469.7
"turkey chicken chicken breast with pickled vegetables",57,61.56
"Chinese refried light bacon",71,338.78
"chicken cookies light with rice",29,301.4
"Chinese spicy chunky nuggets",15,410.2
"refried baked pasta",71,304.46
"Chinese cheese light green beans",116,470.38
"shredded baked beans with green beans",61,324.31
"Chinese refried cookies pork with rice",81,92.85
"refried chicken chunky drumsticks with rice",34,314.07
"Chinese breast pork with eggs",62,93.25
"shredded cheese chunky beef with pickled vegetables",114,466.04
"Chinese refried chunky drumsticks green beans",13,382.6
"shredded refried chunky beef with green beans",120,410.42
"Chinese mild lasagna",77,108.97
"turkey chicken beans with beef with bacon",20,226.19
"turkey baked chunky drumsticks bacon",76,355.24
"shredded chicken MSG-free pork with rice",69,189.55
"Chinese refried mild lasagna",66,171.91
"Chinese chicken mild beef with eggs",117,244.61
"Chinese baked MSG-free beef with gravy",123,172.35
"Chinese chunky drumsticks bacon",42,108.38
"Chinese refried mild beef with green beans",21,295.75
"Chinese cheese chicken breast with eggs",13,239.38
"Chinese chicken mild beef with bacon",60,188.31
"shredded little with rice",107,307.89
"Chinese beans with pasta",10,370.16
"Chinese cheese mild light pickled vegetables",73,445.23
"shredded cheese chunky pork gravy",18,61.3
"Chinese mild light green beans",51,238.11
"refried refried chocolate",74,168.16
"Chinese baked pork with eggs",16,63.01
"baked MSG-free little pickled vegetables",58,58.22
"turkey cheese breast garbanzo beans",72,464.13
"beans with little with rice",81,352.86
"refried beans with light with rice",36,171.3
"shredded chicken MSG-free vegetables",104,81.18
"Chinese spicy pasta",36,265.37
"Chinese refried mild beef with bacon",61,161.18
"refried chicken light bacon",6,290.32
"turkey chicken beef with green beans",61,426.78
"turkey chicken cookies light bacon",53,89.04
"shredded spicy chunky beef with bacon",36,3.95
"shredded refried MSG-free lasagna",63,465.54
"beans with with potatoes",16,312.18
"refried MSG-free little shredded mansion",117,409.22
"mild beef with eggs",104,226.91
"shredded refried green beans",64,393.26
"turkey baked breast garbanzo beans",23,301.78
"turkey refried lasagna",100,2.25
"shredded baked chunky beans",93,390.05
"Chinese baked delicious chocolate",112,453.61
"Chinese refried chunky little with rice",124,208.18
"shredded baked mild pasta",108,23.19
"refried delicious garbanzo beans",120,333.87
"Chinese chicken whole corn",84,470.36
"shredded chicken delicious beef with gravy",73,31.06
"shredded chicken chunky pasta",121,245.02
"shredded spicy MSG-free with potatoes",100,249.8
"refried chicken lasagna",99,193.34
"turkey cheese beans with garbanzo beans",25,256.14
"turkey refried pork with rice",62,267.63
"cheese little pickled vegetables",68,178.09
"refried baked mild vegetables",107,439.82
"Chinese refried light with rice",106,445.38
"shredded refried cookies with potatoes",114,467.84
"refried baked MSG-free beef with bacon",74,63.47
"Chinese cheese mild light with eggs",112,205.87
"chicken MSG-free garbanzo beans",101,459.33
"spicy beans with chocolate",99,62.02
"turkey refried MSG-free green beans",124,382.72
"refried spicy cookies light with rice",96,443.51
"chunky beef with gravy",23,409.71
"cheese cookies lasagna",57,471.07
"refried cookies beef with gravy",67,101
"Chinese chicken chunky drumsticks with eggs",102,161.07
"Chinese cheese cookies beef with pickled vegetables",101,288.63
"Chinese refried delicious pork with rice",90,100.52
"spicy whole corn",54,465.69
"Chinese baked beans with pasta",124,186.07
"cheese beans with beef with green beans",85,399.26
"shredded cheese delicious vegetables",51,427.42
"baked breast green beans",78,207.38
"shredded spicy MSG-free garbanzo beans",43,3.98
"shredded baked cookies green beans",62,351.7
"shredded cheese delicious beef with bacon",111,252.96
"Chinese chicken light green beans",77,15.36
"refried baked little pickled vegetables",96,222.69
"shredded breast little with rice",22,387.66
"refried baked beans with nuggets",9,217.2
"Chinese spicy MSG-free light with rice",34,45.99
"turkey refried delicious pork with eggs",71,185.56
"refried baked mild pasta",20,288.97
"turkey cheese beans with whole corn",86,252.24
"Chinese chicken lasagna",92,55.65
"shredded baked delicious pasta",55,430.25
"Chinese spicy beans with light with eggs",90,305.28
"turkey baked chicken breast with eggs",39,85.09
"refried refried delicious chocolate",69,98.83
"Chinese cookies little with eggs",100,111.4
"turkey cheese pork with eggs",53,424.4
"breast beans",95,461.6
"turkey beans with green beans",86,23.55
"refried cheese delicious lasagna",33,400.73
"refried baked chunky vegetables",80,253.43
"chicken beans with little with eggs",12,106.24
"chicken beans with green beans",95,362.7
"turkey cheese mild whole corn",57,315.82
"refried baked cookies with potatoes",6,38.17
"Chinese cheese chunky little with eggs",44,446.37
"refried light pickled vegetables",119,68.46
"refried spicy breast light with rice",88,324.25
"turkey spicy cookies green beans",110,43.86
"Chinese mild beef with eggs",10,82.51
"Chinese beans with lasagna",46,303.52
"shredded chicken mild nuggets",57,173.69
"refried cheese beans with chocolate",23,212.85
"refried baked cookies light bacon",6,18.12
"refried light green beans",121,321.28
"Chinese refried MSG-free light with eggs",116,127.16
"turkey chicken MSG-free green beans",101,103.35
"Chinese refried chunky little pickled vegetables",117,296.85
"turkey beef with bacon",20,10.44
"refried chicken breast with pickled vegetables",50,372.1
"turkey chicken cookies with potatoes",83,308.91
"refried refried chocolate",32,159.72
"turkey beans with whole corn",30,285.01
"turkey beans with little with eggs",81,324.76
"refried spicy delicious little with rice",41,72.86
"refried chicken delicious with potatoes",12,365.38
"turkey refried beans with whole corn",94,9.31
"shredded chicken cookies beef with bacon",69,13.4
"Chinese refried delicious beef with gravy",21,445.01
"Chinese spicy cookies pasta",55,422.85
"spicy beans with with potatoes",4,1.96
"turkey beans with lasagna",113,312.92
"refried beef with gravy",33,379.58
"turkey baked beans with little with eggs",12,295.68
"turkey chicken delicious beef with pickled vegetables",17,222.02
"turkey refried MSG-free vegetables",98,140.21
"beans with light bacon",28,265.81
"shredded spicy MSG-free little shredded mansion",22,424.2
"refried cheese mild whole corn",65,240.25
"Chinese spicy breast with potatoes",120,240.83
"refried refried light bacon",110,465.66
"shredded refried beans with garbanzo beans",104,407.22
"baked beans with light pickled vegetables",124,392.08
"Chinese baked MSG-free chocolate",104,365.79
"turkey cheese breast light bacon",91,406.09
"refried cheese breast light with rice",4,12.77
"refried chicken cookies light green beans",90,427.15
"Chinese spicy MSG-free little with eggs",54,373.98
"turkey spicy delicious whole corn",126,442.68
"turkey cheese beans with light bacon",74,427.97
"shredded spicy mild pork with eggs",33,338.38
"Chinese delicious beef with bacon",111,427.39
"refried spicy chunky drumsticks with eggs",94,71.95
"turkey spicy MSG-free pasta",63,433.71
"light pickled vegetables",97,256.84
"refried baked beans with lasagna",34,16.75
"cheese mild light with eggs",87,370.91
"refried pork with rice",108,234.39
"Chinese baked cookies beef with bacon",39,380.8
"refried spicy beef with green beans",58,223.86
"baked cookies garbanzo beans",69,366.31
"Chinese cookies light with rice",37,32.45
"refried refried cookies pork with eggs",57,429.87
"shredded cheese delicious with potatoes",101,281.08
"chicken mild vegetables",13,262.7
"Chinese spicy delicious green beans",82,99.68
"refried beans with beef with pickled vegetables",55,378.14
"refried cheese chunky little with eggs",32,125.52
"Chinese spicy cookies green beans",79,160.6
"shredded cheese mild beef with green beans",6,300.74
"Chinese light pickled vegetables",65,362.38
"spicy mild light with eggs",67,371.78
"Chinese spicy MSG-free little pickled vegetables",118,187.88
"Chinese refried MSG-free pork with eggs",57,467.45
"shredded refried cookies little with eggs",118,10.33
"turkey cheese delicious pasta",29,366.52
"Chinese cookies light pickled vegetables",128,69.77
"refried cheese breast pork gravy",34,164.87
"Chinese chicken breast with gravy",5,176.76
"refried baked chunky lasagna",2,118.77
"turkey baked light green beans",81,269.54
"baked MSG-free light green beans",31,120.09
"refried spicy mild green beans",94,446.19
"cheese chunky drumsticks with eggs",80,134.26
"refried baked MSG-free beef with gravy",53,120.39
"Chinese baked with potatoes",64,324.83
"Chinese cheese cookies light with rice",29,198.07
"turkey baked beans with pork gravy",88,77.66
"Chinese baked nuggets",43,302.51
"turkey refried cookies light green beans",54,115.03
"refried baked cookies little shredded mansion",79,335.76
"shredded cheese mild little with rice",93,419.11
"Chinese cookies beef with gravy",128,358.87
"refried cheese chunky pork gravy",70,325
"shredded chicken beans with beef with pickled vegetables",44,68.29
"Chinese baked mild pork with rice",4,42.81
"Chinese baked beans with light bacon",50,386.74
"refried cheese beans with pork gravy",55,421.25
"turkey cookies light green beans",92,441.82
"refried chicken MSG-free beef with pickled vegetables",26,304.29
"spicy beans with light pickled vegetables",57,454.75
"Chinese spicy beans with garbanzo beans",122,286.5
"refried baked breast light green beans",34,413.48
"refried spicy nuggets",14,168.16
"Chinese chicken delicious pork with eggs",16,319.39
"spicy MSG-free green beans",84,102.45
"Chinese cookies beef with green beans",99,423.94
"turkey spicy mild little with eggs",61,422.77
"refried baked light green beans",56,462.6
"baked cookies light bacon",51,98.95
"shredded chicken beans with beans",56,113.54
"baked beans with pork with eggs",108,12.49
"Chinese refried beans with with potatoes",10,295.36
"cheese cookies beef with bacon",21,284.24
"MSG-free light green beans",86,47.22
"Chinese little with rice",124,173.53
"turkey spicy chunky drumsticks bacon",64,453.78
"spicy delicious beef with eggs",41,249.78
"turkey cheese whole corn",117,180.36
"refried cheese cookies green beans",68,271.47
"turkey beans with light bacon",98,363.23
"turkey spicy cookies beef with green beans",110,280.38
"turkey spicy breast pork gravy",55,159.28
"baked delicious little with eggs",19,52.59
"turkey cheese chunky pork with eggs",104,279.88
"cheese cookies beans",78,296.94
"chicken delicious lasagna",56,360.47
"Chinese refried whole corn",54,241.92
"chicken MSG-free light green beans",69,201.54
"Chinese MSG-free beans",91,276.86
"Chinese spicy garbanzo beans",73,237.91
"Chinese spicy breast light with eggs",13,280.4
"Chinese refried chunky beef with bacon",103,374.89
"Chinese spicy MSG-free light green beans",14,28.88
"Chinese spicy MSG-free little with rice",31,400.93
"turkey cheese beans with with potatoes",65,21.01
"refried baked beans with pork with rice",52,58.69
"shredded spicy delicious nuggets",84,192.94
"turkey refried MSG-free lasagna",120,467.74
"shredded cheese cookies light green beans",88,361.32
"refried spicy little with rice",15,307.15
"refried chicken mild light green beans",60,143.82
"shredded MSG-free beans",12,351.03
"Chinese spicy breast beans",53,72.85
"Chinese baked mild pork gravy",57,4.83
"turkey chicken mild green beans",70,473.58
"refried baked MSG-free light bacon",35,72.2
"turkey spicy cookies little with eggs",87,60.94
"baked MSG-free green beans",111,248.44
"shredded cheese mild beef with gravy",109,2.55
"refried chunky garbanzo beans",102,232.5
"Chinese spicy pork gravy",108,379.22
"refried beef with eggs",35,119.6
"refried cheese little with eggs",96,94.99
"Chinese cheese beans with pork gravy",21,443.24
"shredded chicken cookies green beans",33,270.28
"Chinese spicy breast light pickled vegetables",101,62.83
"turkey cheese chunky drumsticks pickled vegetables",101,269.58
"Chinese spicy MSG-free little pickled vegetables",51,325.94
"Chinese cheese MSG-free pork gravy",21,195.63
"refried cheese chunky beans",71,224.26
"turkey cheese delicious light with rice",128,321.25
"cheese delicious beef with eggs",64,269.81
"turkey chicken lasagna",30,56.05
"chicken cookies pork gravy",96,234.35
"baked delicious little with rice",78,451.59
"Chinese cheese cookies whole corn",106,163.19
"turkey cheese MSG-free garbanzo beans",113,250.79
"turkey chicken beans with beef with gravy",97,85.48
"turkey cheese garbanzo beans",85,126.99
"shredded spicy chunky with potatoes",65,115.88
"refried baked chicken breast with eggs",106,378.68
"turkey delicious beef with bacon",118,369.52
"Chinese refried delicious green beans",118,332.32
"baked mild vegetables",5,444.01
"shredded cheese breast pork gravy",107,184.21
"chicken breast with green beans",13,318.61
"turkey chicken breast little shredded mansion",114,261.64
"Chinese refried with potatoes",87,181.49
"Chinese beef with green beans",61,118.82
"Chinese refried MSG-free lasagna",102,120.27
"refried refried little with rice",88,335.84
"cheese breast light green beans",18,465.89
"shredded chicken MSG-free little pickled vegetables",47,298.78
"shredded baked cookies beef with green beans",24,259.97
"shredded chicken breast pasta",35,236.81
"turkey spicy breast garbanzo beans",19,48.49
"Chinese chicken MSG-free pasta",9,150.42
"turkey refried beans with green beans",102,126.62
"mild pork gravy",81,276.28
"turkey baked mild light with eggs",61,357.77
"Chinese refried green beans",50,99.07
"Chinese spicy MSG-free pork with rice",7,333.12
"Chinese baked delicious garbanzo beans",4,102.5
"Chinese cheese cookies vegetables",68,162.69
"Chinese cheese chunky green beans",93,200.28
"refried baked MSG-free beef with green beans",91,32.82
"chicken breast vegetables",75,288.78
"shredded spicy chunky whole corn",75,195
"Chinese mild garbanzo beans",79,61.63
"Chinese chicken MSG-free lasagna",35,291.05
"refried beef with green beans",44,467.09
"refried mild little with rice",36,391.93
"Chinese spicy MSG-free green beans",106,47.87
"shredded baked light with eggs",102,285.25
"refried with potatoes",68,207.28
"Chinese cheese delicious light bacon",67,65.26
"spicy delicious light with eggs",118,462.36
"refried baked MSG-free green beans",126,225.01
"Chinese refried delicious green beans",33,300.85
"Chinese refried chunky drumsticks with eggs",101,147.65
"turkey spicy chicken breast with bacon",6,305.84
"Chinese beans with chocolate",109,277.4
"shredded refried MSG-free with potatoes",48,456.28
"Chinese beans with green beans",36,273.68
"Chinese baked breast nuggets",101,233.26
"Chinese refried mild whole corn",17,121.01
"refried cookies light green beans",20,274.37
"shredded cheese beans with beef with bacon",63,251.35
"refried chicken MSG-free whole corn",46,309
"turkey spicy mild garbanzo beans",45,192.14
"spicy cookies little with eggs",89,461.98
"turkey baked breast chocolate",39,439.32
"refried whole corn",90,306.12
"refried baked MSG-free pasta",128,102.46
"turkey baked chunky whole corn",37,390.94
"turkey cheese MSG-free pork gravy",8,430.09
"refried spicy beans with vegetables",118,417.74
"refried baked delicious light pickled vegetables",125,237.86
"cookies beef with green beans",121,456.15
"refried baked chunky drumsticks bacon",117,246.86
"Chinese chicken chunky drumsticks pickled vegetables",71,248.17
"Chinese MSG-free beef with eggs",121,88.84
"Chinese mild little shredded mansion",61,395.08
"shredded baked beans with whole corn",127,86.51
"shredded spicy cookies pork gravy",48,461.69
"cheese mild light pickled vegetables",16,31.41
"Chinese cheese breast with potatoes",47,343.53
"shredded cookies vegetables",41,37.71
"refried baked pork gravy",21,103.71
"Chinese mild little pickled vegetables",109,424.06
"shredded chunky chocolate",58,476.96
"Chinese refried beans with light pickled vegetables",97,375.65
"turkey baked delicious pork with eggs",110,350.03
"Chinese chicken chunky beef with bacon",53,15.27
"turkey refried delicious beef with gravy",71,315.13
"refried cookies little pickled vegetables",27,384.74
"turkey refried garbanzo beans",75,128.86
"Chinese cheese cookies beans",31,463.23
"turkey refried cookies beef with gravy",33,119.56
"baked chunky drumsticks with rice",106,419.85
"Chinese baked delicious beef with gravy",126,391.28
"Chinese refried light with eggs",32,439.99
"Chinese chicken breast with potatoes",38,244.95
"refried mild beef with gravy",127,422.33
"Chinese chicken chunky beef with green beans",40,439.05
"refried beef with gravy",41,157.2
"Chinese refried lasagna",13,465.99
"turkey baked beans with little pickled vegetables",56,445.21
"Chinese refried pork with eggs",82,10.61
"Chinese baked MSG-free with potatoes",16,129.8
"turkey refried cookies pork gravy",27,280.28
"shredded cheese mild pork with rice",1,310.31
"refried baked chunky drumsticks with eggs",4,41.27
"turkey spicy beans with light pickled vegetables",39,198.48
"Chinese refried cookies little shredded mansion",88,319.94
"shredded mild little with eggs",61,391.96
"Chinese delicious beans",90,282.42
"Chinese light pickled vegetables",123,310.04
"refried chicken chunky pork with rice",34,468.63
"Chinese refried beans with little shredded mansion",73,306.1
"Chinese chicken cookies beef with green beans",114,187.74
"turkey breast green beans",48,473.61
"baked beans with nuggets",109,445.41
"Chinese spicy chunky pork gravy",52,100.18
"delicious light green beans",77,144.48
"shredded baked mild pork gravy",26,162.65
"Chinese pork gravy",117,341.32
"cheese beans",61,175.62
"refried MSG-free little pickled vegetables",93,284.57
"spicy MSG-free light with rice",90,270.73
"Chinese baked mild green beans",32,174.62
"Chinese MSG-free green beans",37,339.58
"refried chunky lasagna",49,401.2
"Chinese refried delicious pasta",108,437.03
"Chinese baked mild little shredded mansion",51,202.12
"shredded spicy mild with potatoes",77,190.64
"refried chicken little pickled vegetables",25,378.54
"turkey refried light green beans",120,126.75
"refried mild beef with green beans",24,372.78
"Chinese chicken beans with whole corn",86,138.56
"shredded refried pasta",67,438.17
"turkey chicken MSG-free garbanzo beans",119,31.78
"refried beans with light with eggs",94,82.1
"cheese delicious beans",15,205.51
"refried little with rice",40,127.48
"refried spicy mild beef with green beans",69,237.03
"turkey baked mild whole corn",34,441.08
"shredded mild little pickled vegetables",94,8.96
"shredded cheese light green beans",63,60.65
"Chinese refried cookies pork gravy",54,132.51
"shredded cheese chunky drumsticks green beans",8,319.43
"shredded chicken mild lasagna",121,171.55
"shredded refried delicious beef with bacon",21,122.24
"turkey chicken breast green beans",70,372.68
"turkey refried chunky chocolate",12,171.55
"Chinese chicken cookies light green beans",95,221.95
"shredded spicy delicious beef with bacon",55,105.75
"Chinese chicken breast pork with rice",128,304.44
"Chinese spicy mild little shredded mansion",63,396.61
"Chinese chicken delicious vegetables",98,258.86
"shredded spicy whole corn",5,432.89
"Chinese cheese mild beef with eggs",28,382.1
"Chinese refried chunky chocolate",51,429.31
"refried cheese chunky drumsticks with rice",68,65.87
"Chinese cheese beans with beef with gravy",54,297.5
"refried spicy mild whole corn",110,167.83
"turkey chicken beans with nuggets",61,17.8
"Chinese chicken chunky beef with pickled vegetables",80,210.06
"turkey baked beef with pickled vegetables",20,366.79
"turkey chicken delicious pork with eggs",24,34.4
"Chinese spicy cookies vegetables",11,33.69
"turkey cookies beans",8,16.82
"Chinese cheese delicious beans",14,315.01
"Chinese chicken delicious with potatoes",2,136.9
"Chinese refried cookies little with rice",56,28.89
"shredded baked light bacon",40,325.46
"refried baked nuggets",66,183.54
"turkey chicken delicious light green beans",43,323.59
"turkey baked mild lasagna",73,139.71
"shredded MSG-free chocolate",11,304.98
"refried cheese chicken breast with pickled vegetables",97,406.31
"Chinese chicken beans with vegetables",27,476.87
"Chinese chicken breast pork with eggs",83,88.83
"Chinese refried delicious pork gravy",61,301.97
"Chinese baked beans",32,383.24
"turkey spicy cookies little pickled vegetables",116,462.82
"Chinese spicy breast light with rice",10,33.58
"Chinese cheese cookies beef with gravy",11,164.36
"Chinese spicy delicious beef with bacon",50,26.16
"Chinese refried mild light bacon",10,279.49
"refried chunky nuggets",40,113.91
"turkey cheese mild beef with pickled vegetables",49,264.39
"turkey spicy cookies beef with gravy",113,178.28
"refried chicken breast whole corn",105,14.2
"turkey refried mild garbanzo beans",90,345.15
"turkey chicken pork with eggs",12,169.81
"refried spicy breast little with eggs",81,89.86
"shredded cheese breast green beans",81,179.18
"Chinese cheese delicious chocolate",101,364.58
"shredded cheese beans with vegetables",48,189.35
"turkey spicy pork with eggs",63,203.55
"Chinese refried mild little pickled vegetables",92,446.08
"turkey spicy MSG-free little with rice",77,74.06
"Chinese baked green beans",72,283.71
"refried spicy MSG-free chocolate",6,225.94
"Chinese baked cookies pork with rice",39,285.52
"chicken mild light with eggs",98,128.32
"Chinese spicy MSG-free pasta",50,113.83
"Chinese refried mild chocolate",97,50.71
"turkey refried chocolate cookies",37,380.01
"Chinese chicken MSG-free beef with green beans",121,276.69
"chicken chunky pork with eggs",100,107.12
"refried chicken delicious vegetables",71,78.47
"refried chicken beef with pickled vegetables",28,328.45
"turkey refried cookies nuggets",30,346.34
"cheese chicken breast with bacon",121,354.2
"Chinese baked breast lasagna",69,10.99
"baked garbanzo beans",74,281.43
"refried refried MSG-free pork with eggs",74,415.14
"cheese garbanzo beans",80,368.65
"refried pork gravy",43,368.13
"Chinese cheese chunky beef with bacon",104,250.36
"Chinese baked chicken breast with bacon",113,173.47
"shredded spicy chunky drumsticks green beans",19,117.47
"refried refried chicken breast with pickled vegetables",10,189.14
"refried cheese breast pork with rice",58,157.06
"shredded delicious beef with green beans",82,351.23
"shredded spicy chunky drumsticks with rice",28,444.06
"Chinese baked little with eggs",67,173.95
"spicy MSG-free beef with bacon",86,91.81
"spicy delicious light bacon",101,126.37
"refried cheese cookies vegetables",18,346.19
"refried baked chunky green beans",78,203.09
"shredded spicy lasagna",124,474.04
"shredded spicy breast light with rice",108,82.19
"refried chicken breast green beans",113,264.85
"Chinese chicken beans with beef with green beans",111,378.3
"refried spicy MSG-free pork with rice",101,191.1
"Chinese baked light with eggs",75,21.52
"baked mild little pickled vegetables",15,260.18
"refried chunky green beans",86,34.35
"Chinese MSG-free chocolate",115,10.96
"shredded chunky beans",86,116.05
"Chinese chicken chicken breast with bacon",8,463.21
"turkey chicken beef with eggs",51,107.85
"Chinese cheese breast green beans",64,465.93
"refried refried MSG-free pork gravy",95,74.56
"turkey cookies pork with rice",78,25.61
"refried cheese little with rice",118,470.17
"turkey cheese breast vegetables",30,201.91
"Chinese chicken mild light with rice",78,5.21
"Chinese baked chicken breast with gravy",61,116.97
"shredded baked vegetables",86,84.65
"Chinese spicy light with rice",50,440.65
"turkey baked beans with beef with bacon",7,390.06
"turkey refried MSG-free with potatoes",40,403.2
"turkey spicy MSG-free vegetables",58,243.43
"turkey baked delicious green beans",48,104.11
"refried cheese cookies beef with pickled vegetables",91,182.02
"Chinese refried little shredded mansion",102,461.88
"shredded nuggets",68,9.04
"baked breast pork gravy",102,60.14
"turkey spicy vegetables",68,181.05
"refried spicy mild beef with bacon",80,157.75
"Chinese spicy delicious little pickled vegetables",127,373.79
"shredded spicy MSG-free light pickled vegetables",77,114.14
"Chinese chunky nuggets",120,90.07
"refried vegetables",70,254.75
"turkey refried mild pork gravy",14,263.38
"shredded refried chunky drumsticks bacon",10,415.81
"Chinese refried mild beef with eggs",24,112.68
"shredded baked pasta",96,404.96
"chocolate cookies",102,8.13
"turkey refried beans",65,153.91
"refried chicken cookies little with eggs",29,238.08
"Chinese cheese delicious beef with green beans",96,101.43
"refried beans with light bacon",40,102.04
"shredded refried cookies nuggets",109,390.66
"shredded spicy MSG-free beans",88,147.12
"chunky little with rice",11,353.19
"refried baked chunky pasta",91,223.95
"Chinese delicious vegetables",109,160.02
"chicken breast chocolate",103,81.17
"Chinese baked little pickled vegetables",111,87.17
"Chinese spicy mild little pickled vegetables",44,89.18
"Chinese spicy delicious nuggets",118,58.39
"refried spicy delicious beef with pickled vegetables",9,224.62
"Chinese baked beans with nuggets",102,9.48
"turkey chicken breast beans",57,365.18
"refried chicken beans with light with eggs",19,3.11
"shredded baked cookies nuggets",100,23.96
"turkey baked delicious little with rice",76,56.89
"Chinese chicken MSG-free with potatoes",16,206.07
"chicken mild pasta",17,380.78
"Chinese chicken light with rice",66,280.31
"shredded spicy cookies pork with eggs",103,225.4
"shredded light bacon",59,421.8
"refried chicken breast pork with eggs",62,413.74
"cheese cookies garbanzo beans",82,54.58
"Chinese refried mild pork gravy",107,324.81
"Chinese chicken delicious light with rice",74,238.99
"Chinese beans with beef with bacon",108,443.49
"refried cheese MSG-free little with rice",3,351.36
"shredded spicy MSG-free light bacon",128,335.59
"refried chicken light with rice",54,214.52
"Chinese chicken delicious beef with eggs",52,187.03
"refried cheese chunky beef with green beans",69,408.96
"Chinese cheese pork gravy",100,52.42
"Chinese refried lasagna",113,312.4
"refried chicken delicious lasagna",15,109.41
"turkey spicy breast little with rice",120,378.98
"baked mild green beans",26,300.53
"refried spicy light bacon",64,429.07
"refried spicy MSG-free little pickled vegetables",121,341.13
"Chinese cheese with potatoes",73,142.34
"chunky pork with rice",102,369.87
"refried MSG-free light with eggs",52,85.63
"baked chunky green beans",15,78.02
"Chinese refried cookies vegetables",49,143.15
"spicy MSG-free garbanzo beans",75,307.66
"refried spicy MSG-free nuggets",76,329.62
"Chinese cheese light with rice",30,295.96
"Chinese spicy breast green beans",41,314.56
"chunky beef with pickled vegetables",104,0.34
"shredded spicy mild beans",59,409.76
"Chinese spicy beans with light pickled vegetables",124,249.23
"refried beans with light pickled vegetables",42,232.47
"baked cookies green beans",67,101.78
"Chinese spicy delicious with potatoes",115,162.9
"cheese mild beef with bacon",96,55.44
"Chinese baked pasta",54,145.03
"Chinese refried chunky pork gravy",106,393.01
"Chinese chicken delicious nuggets",46,191.64
"refried chicken beef with gravy",60,247.21
"cheese beans with nuggets",44,289.55
"turkey spicy MSG-free pork with rice",53,220.14
"turkey delicious chocolate",74,372.69
"Chinese refried chicken breast with green beans",47,448.89
"turkey spicy mild pork with eggs",7,280.68
"spicy cookies light green beans",107,446.94
"turkey chicken MSG-free vegetables",25,69.33
"beans with green beans",123,404.88
"Chinese baked light bacon",116,353.33
"chicken delicious beef with eggs",119,196.61
"chunky green beans",117,118.68
"refried spicy cookies light with eggs",125,451.35
"turkey chicken MSG-free light bacon",52,262.84
"breast nuggets",83,378.44
"refried cookies light with rice",45,13.27
"refried chicken cookies green beans",124,356.34
"turkey chicken mild beef with pickled vegetables",45,260.87
"refried MSG-free green beans",15,204.21
"Chinese breast whole corn",10,189.67
"shredded spicy delicious beans",30,434.6
"refried baked beans with light bacon",36,298.76
"turkey spicy with potatoes",84,333.06
"turkey chunky nuggets",8,343.51
"spicy little shredded mansion",124,232.87
"Chinese mild beef with green beans",90,34.05
"turkey delicious pork with rice",34,446.45
"refried chicken cookies light bacon",52,464.62
"cheese beef with gravy",25,24.26
"shredded spicy delicious pork gravy",1,423.01
"refried light pickled vegetables",125,401.84
"turkey cheese chunky green beans",34,378.57
"refried mild green beans",24,128.4
"Chinese baked mild green beans",116,284.68
"turkey cheese cookies light green beans",43,260.43
"refried spicy chunky pork with rice",91,93.32
"spicy chicken breast with eggs",98,315.03
"refried delicious beef with bacon",98,144.3
"shredded chicken MSG-free little with rice",53,263.26
"refried spicy little with eggs",82,277.9
"shredded chicken MSG-free light bacon",44,372.76
"turkey baked chunky little shredded mansion",74,367.71
"Chinese spicy chunky little pickled vegetables",48,333.73
"shredded spicy breast lasagna",76,430.75
"turkey MSG-free beef with pickled vegetables",22,96.31
"shredded baked mild green beans",56,395.17
"turkey baked delicious garbanzo beans",126,63.65
"refried chicken cookies light with eggs",11,187.47
"Chinese refried delicious whole corn",81,29.48
"Chinese baked little with rice",29,399.51
"turkey refried MSG-free chocolate",67,421.64
"baked chunky drumsticks with eggs",111,132.26
"Chinese refried cookies lasagna",11,24.22
"refried chicken beans with pork gravy",42,286.57
"breast pasta",8,121.36
"turkey cheese chunky drumsticks green beans",86,261.01
"Chinese refried mild light with eggs",50,425.71
"Chinese spicy cookies light bacon",79,210.25
"shredded chunky little with eggs",111,335.31
"chicken chunky pasta",99,16.34
"Chinese cheese cookies light green beans",29,3.81
"chicken cookies pork with rice",24,11.35
"turkey cheese chunky green beans",117,66.85
"Chinese refried chunky beef with green beans",90,25.98
"Chinese refried cookies beans",41,210.18
"baked chunky drumsticks pickled vegetables",94,421.95
"turkey refried beans with garbanzo beans",121,160.92
"cookies light with rice",31,163.33
"Chinese cheese little shredded mansion",8,210.63
"shredded refried light pickled vegetables",14,197.24
"shredded spicy breast light pickled vegetables",66,187.13
"shredded cheese beans with lasagna",59,128.89
"refried cheese cookies pork with eggs",8,457.2
"refried chicken chunky little with eggs",127,256.6
"refried pork with eggs",9,259.04
"refried spicy breast pork gravy",1,468.8
"baked beef with bacon",3,138.24
"turkey refried delicious beef with eggs",7,392.18
"Chinese chicken beans with beef with eggs",88,317.14
"refried baked chunky little shredded mansion",57,79.58
"Chinese baked cookies light pickled vegetables",57,378.89
"Chinese beans with whole corn",3,446.76
"refried baked delicious with potatoes",28,294.68
"shredded mild vegetables",94,192.04
"turkey spicy beans with pork gravy",28,57.77
"refried spicy delicious little pickled vegetables",118,115.8
"refried cheese MSG-free with potatoes",110,138.78
"Chinese chicken mild beef with eggs",79,222.93
"refried chicken chunky lasagna",84,276.34
"Chinese cheese chunky little pickled vegetables",117,90.22
"shredded baked chunky vegetables",91,250.21
"Chinese spicy chunky garbanzo beans",49,2.58
"Chinese cheese MSG-free beef with bacon",121,446.9
"Chinese cheese MSG-free beef with bacon",103,151.84
"shredded spicy mild whole corn",88,356.65
"refried chunky drumsticks with eggs",79,77.66
"Chinese refried chunky pork gravy",101,313.01
"shredded baked chicken breast with eggs",117,198.3
"Chinese chicken lasagna",63,238.82
"refried chicken breast garbanzo beans",89,409.33
"refried baked breast whole corn",9,382.44
"shredded spicy beans with light bacon",54,366.82
"shredded chicken little with eggs",49,263.01
"shredded baked MSG-free nuggets",72,107.88
"Chinese refried beans with light bacon",84,383.27
"refried baked chocolate",107,447.95
"refried cheese beef with gravy",75,455.96
"refried refried beef with pickled vegetables",72,413.17
"turkey refried beans with chocolate",94,53.69
"Chinese light bacon",58,14.16
"refried spicy delicious whole corn",99,407.59
"cheese mild pasta",46,198.56
"Chinese delicious pork with rice",37,166.89
"turkey refried delicious whole corn",120,431.61
"Chinese cheese chunky vegetables",124,295.29
"shredded refried cookies beans",120,4.65
"Chinese spicy mild vegetables",10,87.64
"shredded baked green beans",51,4.47
"Chinese baked chunky beef with bacon",63,241.87
"Chinese baked cookies pork with eggs",62,358.61
"refried refried beans with nuggets",78,89.63
"refried MSG-free nuggets",51,125.12
"turkey MSG-free little with eggs",82,428.71
"spicy mild pasta",89,404.45
"shredded delicious nuggets",65,305.16
"turkey spicy breast lasagna",25,104.28
"turkey cheese mild light green beans",10,34.63
"Chinese refried mild pork with rice",45,277.56
"turkey refried MSG-free light bacon",21,190.38
"shredded spicy MSG-free beef with pickled vegetables",24,280.11
"chicken mild whole corn",12,203.45
"turkey cheese breast little shredded mansion",49,402.15
"turkey chicken beans with lasagna",69,117.13
"refried baked MSG-free light green beans",24,299.86
"shredded baked pork with eggs",107,205.04
"refried cheese delicious light pickled vegetables",32,375.57
"shredded chicken breast light green beans",15,469.73
"Chinese spicy mild little shredded mansion",35,259.42
"Chinese cheese breast light with eggs",19,66.8
"shredded cheese delicious light with rice",39,301.32
"shredded refried cookies pork with rice",2,473.21
"shredded baked little with eggs",104,142.47
"Chinese chicken cookies whole corn",21,346.9
"shredded chicken mild little with rice",56,85.2
"refried mild little pickled vegetables",96,383.95
"refried mild whole corn",115,206.56
"Chinese cheese chunky lasagna",102,85.6
"refried baked MSG-free pork gravy",42,397.61
"baked breast little with rice",110,197.49
"shredded spicy breast light bacon",115,48.38
"shredded cheese beans with garbanzo beans",83,160.73
"refried refried pasta",62,337.41
"beans with little pickled vegetables",53,413.26
"turkey spicy MSG-free light with eggs",11,434.4
"refried baked beans with light green beans",83,113.26
"shredded pork gravy",10,456.16
"shredded chicken beans with pork with rice",58,78.38
"Chinese cheese beans with light bacon",31,148.82
"Chinese baked chunky whole corn",74,121.87
"refried refried beef with eggs",127,296.85
"shredded spicy delicious beef with green beans",114,157.88
"turkey refried mild light with eggs",49,194.24
"Chinese refried cookies with potatoes",9,276.38
"turkey spicy chunky drumsticks green beans",64,447.71
"Chinese beans with garbanzo beans",4,146.73
"chicken beans with pork with eggs",59,243.47
"Chinese refried cookies green beans",13,27.79
"chicken MSG-free little shredded mansion",121,367.64
"refried cheese light with rice",48,46.53
"Chinese spicy cookies green beans",115,469.28
"Chinese baked MSG-free light pickled vegetables",80,26.12
"cheese cookies light with eggs",26,175.84
"chicken chunky drumsticks bacon",103,124.16
"beef with eggs",1,437.52
"shredded baked mild vegetables",45,344.89
"Chinese mild lasagna",45,272.55
"shredded chicken cookies light with eggs",84,195.66
"Chinese cheese MSG-free beef with gravy",123,87.42
"Chinese baked delicious with potatoes",32,15.96
"shredded cheese breast light green beans",58,47.82
"turkey spicy breast vegetables",48,17.26
"turkey baked mild beef with eggs",105,451.51
"refried chicken chunky beef with bacon",35,65.59
"Chinese cheese mild vegetables",103,36.6
"Chinese spicy mild little pickled vegetables",113,462.21
"shredded refried chunky pasta",6,170.68
"shredded mild chocolate",65,211.29
"Chinese spicy MSG-free lasagna",99,300.63
"refried beans with vegetables",125,72.08
"refried chicken MSG-free beef with eggs",68,455.93
"Chinese baked breast pork with rice",117,56.72
"Chinese baked MSG-free little with eggs",67,213.88
"Chinese cheese chicken breast with green beans",102,279.51
"Chinese chicken chunky pork with eggs",11,48.81
"turkey chicken cookies green beans",106,117.59
"refried refried mild beans",11,186.45
"shredded baked chunky lasagna",21,216.12
"Chinese MSG-free light pickled vegetables",59,291.94
"chunky drumsticks pickled vegetables",56,164.3
"shredded chunky lasagna",101,283.42
"refried cheese beans with whole corn",43,70.63
"shredded chunky drumsticks with rice",111,160.25
"turkey baked delicious light green beans",7,71.58
"Chinese MSG-free little with rice",44,240.7
"shredded cheese mild pasta",80,388.8
"turkey refried chunky garbanzo beans",108,354.71
"chicken little pickled vegetables",50,68.35
"Chinese cheese delicious beans",45,443.77
"refried spicy MSG-free light pickled vegetables",125,233.5
"Chinese baked mild vegetables",42,301.92
"baked pork with rice",59,284.14
"shredded baked pork gravy",24,253.5
"refried baked mild little with rice",15,251.74
"Chinese MSG-free vegetables",86,85.59
"shredded chicken cookies pork with eggs",68,196.03
"turkey chicken mild garbanzo beans",87,34.84
"turkey cookies little shredded mansion",44,239.97
"Chinese refried cookies light with eggs",60,417.41
"Chinese chicken beans with pork with eggs",127,217.17
"Chinese spicy MSG-free beans",100,290.18
"shredded baked breast green beans",118,184.62
"refried chicken cookies nuggets",74,401.82
"shredded breast little shredded mansion",51,34.08
"shredded cheese chunky little shredded mansion",78,209.28
"Chinese cheese beans with light bacon",38,266.52
"shredded cookies beef with eggs",42,395.4
"shredded chocolate",70,246.67
"turkey spicy cookies nuggets",10,60.95
"turkey chicken mild little with eggs",47,232.2
"shredded spicy breast pork with rice",125,350.35
"Chinese refried MSG-free garbanzo beans",44,314.88
"Chinese spicy cookies pork gravy",79,258.5
"refried spicy breast vegetables",22,232.23
"Chinese chicken mild little with eggs",18,417.52
"refried chicken chunky drumsticks with eggs",48,101.06
"Chinese baked chunky green beans",30,125.67
"spicy chunky beef with eggs",8,118.99
"refried MSG-free whole corn",99,434.98
"refried MSG-free garbanzo beans",82,46.83
"Chinese chicken MSG-free pasta",54,344.23
"shredded refried MSG-free light pickled vegetables",91,345.08
"turkey refried pork with rice",46,316.98
"chicken cookies pork with eggs",80,453.19
"shredded refried mild pork gravy",44,268.93
"refried spicy MSG-free beef with green beans",71,85.89
"shredded cheese cookies beef with pickled vegetables",108,320.11
"shredded chicken beans with chocolate",121,476.65
"turkey chunky little pickled vegetables",2,119.38
"Chinese refried MSG-free with potatoes",103,399.24
"refried beans with beans",95,240
"Chinese spicy cookies with potatoes",110,202.6
"Chinese cookies light bacon",84,136.24
"Chinese pasta",37,437.58
"baked MSG-free little with eggs",38,412.93
"light green beans",128,312.43
"light with eggs",5,175.13
"chicken MSG-free beef with bacon",64,242.07
"turkey refried mild chocolate",117,313.77
"turkey cheese delicious light pickled vegetables",73,419.13
"baked cookies little pickled vegetables",8,186.87
"turkey refried beans with light bacon",85,11.61
"Chinese mild vegetables",48,34.63
"turkey refried cookies whole corn",56,231.53
"Chinese chicken chunky beef with pickled vegetables",6,239.99
"turkey spicy nuggets",32,405.39
"refried spicy light green beans",112,83.42
"spicy chunky vegetables",89,455.16
"shredded baked chunky beef with bacon",1,13.35
"shredded spicy cookies little pickled vegetables",115,111.62
"Chinese spicy beans with with potatoes",27,118.97
"cheese chunky drumsticks with rice",99,320.2
"cookies nuggets",97,254.33
"refried cheese mild little with rice",55,37.21
"shredded cheese chocolate cookies",126,25.3
"Chinese chicken cookies light pickled vegetables",105,189.54
"Chinese baked mild garbanzo beans",124,296.18
"shredded spicy cookies whole corn",32,464.23
"Chinese spicy beans with green beans",96,40.71
"turkey refried MSG-free beef with pickled vegetables",75,474.96
"Chinese baked mild pasta",64,236.19
"cheese breast pork with rice",32,140.05
"Chinese beans with with potatoes",110,376.46
"refried refried cookies beef with gravy",48,185.38
"refried baked mild pork with eggs",96,467.53
"refried chunky little with eggs",8,270.74
"turkey cheese cookies garbanzo beans",112,298.39
"Chinese cheese MSG-free little with eggs",110,94.36
"refried chicken delicious green beans",95,459.35
"cheese MSG-free beans",23,39.59
"turkey chicken breast little pickled vegetables",59,223.64
"Chinese spicy delicious light with rice",61,410.99
"Chinese refried mild lasagna",43,450.76
"refried cheese mild pork with rice",99,187.83
"chicken chicken breast with eggs",77,392.96
"shredded refried delicious light with eggs",16,130.71
"shredded chicken MSG-free little shredded mansion",70,6.91
"Chinese refried cookies light green beans",90,376.05
"refried baked beans with light pickled vegetables",15,216.79
"refried chicken delicious beef with gravy",39,216.82
"shredded spicy chunky little pickled vegetables",8,52.73
"Chinese mild beef with bacon",71,417.23
"refried refried cookies garbanzo beans",26,449.19
"shredded baked light green beans",95,224.66
"Chinese mild little with rice",51,232.69
"Chinese refried cookies beef with pickled vegetables",32,97.9
"refried chicken beans with beef with pickled vegetables",88,380.24
"Chinese spicy delicious beef with gravy",5,410.55
"turkey spicy delicious little shredded mansion",62,343.59
"baked light bacon",92,112.73
"shredded spicy beans with pork with eggs",79,197.87
"refried baked beans with vegetables",17,232.99
"refried beans with little pickled vegetables",47,118.63
"Chinese chicken mild little with rice",47,139.73
"Chinese chicken cookies green beans",9,72.09
"refried beans with green beans",62,456.86
"refried cheese chicken breast with bacon",78,433.05
"Chinese cheese beans",5,469.3
"turkey chicken mild whole corn",27,346.62
"shredded refried cookies green beans",75,12.81
"Chinese baked chunky beef with gravy",100,243.9
"baked delicious beans",28,269.75
"turkey spicy delicious light green beans",110,270.06
"Chinese chicken beans with lasagna",71,415.47
"Chinese baked breast lasagna",74,375.1
"shredded beans with nuggets",87,370.34
"shredded refried mild little shredded mansion",118,377.67
"shredded baked MSG-free green beans",88,11.55
"Chinese baked cookies light with eggs",13,139.44
"spicy breast light green beans",45,143.33
"Chinese cheese chicken breast with pickled vegetables",83,143.01
"turkey spicy delicious pork gravy",128,186.37
"shredded refried delicious beef with gravy",31,266.5
"Chinese refried cookies green beans",35,440.46
"Chinese spicy chocolate cookies",67,151.58
"shredded baked light pickled vegetables",116,265.59
"refried chicken MSG-free green beans",109,361.18
"Chinese spicy beans with beef with eggs",29,420.3
"chicken beans with lasagna",27,272.94
"Chinese baked beans with pork gravy",61,193.5
"refried refried chunky little pickled vegetables",12,393.16
"refried baked breast little with rice",38,456.7
"turkey refried delicious lasagna",33,91.58
"refried cookies beef with eggs",17,126.64
"spicy mild vegetables",54,274.78
"Chinese chicken beans with little with eggs",5,385.34
"refried mild with potatoes",93,472.6
"baked beans with chocolate",122,240.23
"Chinese refried delicious little with rice",71,340.15
"Chinese spicy mild whole corn",76,457.81
"MSG-free little pickled vegetables",97,333.46
"Chinese spicy breast light green beans",36,16.37
"turkey baked beans with beef with gravy",34,71.08
"shredded cheese MSG-free light green beans",117,238.02
"shredded refried chunky beef with pickled vegetables",44,281.58
"refried baked cookies beef with bacon",72,331.54
"shredded breast beans",117,259.4
"Chinese chicken chunky beef with gravy",7,421.53
"refried refried cookies light pickled vegetables",18,84.92
"refried chicken beans with beef with green beans",102,405.66
"spicy breast lasagna",58,459.51
"Chinese baked chunky beef with pickled vegetables",99,376.46
"shredded chicken breast with eggs",114,291.53
"Chinese refried little pickled vegetables",32,71.8
"turkey baked MSG-free whole corn",123,419.44
"turkey refried beans with beef with pickled vegetables",77,341.73
"shredded spicy beans with green beans",115,104.15
"refried baked breast garbanzo beans",72,64.37
"turkey cookies pork with eggs",2,314.02
"refried chicken whole corn",124,113.3
"Chinese chicken pork with eggs",40,247.81
"Chinese chicken MSG-free beef with green beans",77,455.84
"spicy mild garbanzo beans",101,444.57
"Chinese refried cookies little with eggs",91,70.65
"shredded chicken MSG-free pork with eggs",51,166.07
"Chinese chicken mild vegetables",80,302.78
"turkey cheese breast chocolate",55,226.31
"baked chunky little with rice",95,228.72
"turkey baked cookies beans",42,80.27
"shredded refried beans with green beans",59,204.9
"Chinese refried beef with eggs",43,38.02
"Chinese chicken mild beef with pickled vegetables",110,354.38
"Chinese baked mild little with rice",80,33.69
"Chinese baked delicious green beans",111,14.02
"refried mild light green beans",66,240.21
"mild chocolate",72,372.18
"refried delicious beef with pickled vegetables",36,157.8
"Chinese MSG-free garbanzo beans",96,355.8
"refried cheese beans with with potatoes",80,422.8
"Chinese refried MSG-free nuggets",128,230.7
"turkey cheese chocolate cookies",17,310.27
"delicious beans",8,263.65
"refried beans with pasta",26,475.25
"chicken breast green beans",99,46.77
"spicy beef with green beans",16,31.01
"refried chicken beans with lasagna",20,113.27
"Chinese cheese MSG-free light with eggs",55,422.76
"Chinese spicy garbanzo beans",4,249.4
"Chinese MSG-free pork with rice",49,371.08
"baked MSG-free little shredded mansion",49,256.61
"cheese chicken breast with green beans",6,309.42
"turkey cheese MSG-free beef with pickled vegetables",90,192.89
"refried refried delicious light with rice",106,279.42
"refried baked breast little pickled vegetables",123,174.37
"Chinese refried cookies garbanzo beans",37,103.2
"shredded refried pork gravy",3,468.27
"Chinese mild garbanzo beans",50,137.33
"shredded chicken chicken breast with eggs",43,127.76
"shredded chicken delicious little with eggs",80,59.12
"refried spicy mild lasagna",60,405.64
"shredded chicken breast with green beans",31,134.54
"Chinese cheese MSG-free light with rice",74,306.03
"Chinese baked delicious beans",49,388.48
"shredded chicken breast pork gravy",53,397.98
"Chinese breast pasta",75,156.67
"Chinese cheese beans with pork with eggs",116,166.53
"turkey baked breast beans",40,382.09
"Chinese baked MSG-free beef with green beans",36,8.88
"Chinese refried beans with light with rice",89,266.16
"Chinese chicken MSG-free little with rice",5,244.11
"refried baked breast light with eggs",93,399.94
"shredded refried chunky drumsticks green beans",110,177.42
"Chinese delicious chocolate",51,408.31
"turkey refried nuggets",97,262.78
"shredded chicken chunky garbanzo beans",46,162.58
"Chinese cheese beans with light green beans",2,264.53
"shredded mild green beans",63,62.89
"shredded spicy cookies beef with bacon",23,201.85
"Chinese chicken beans with beef with bacon",68,233.5
"cheese light pickled vegetables",23,239.26
"shredded spicy chunky beef with gravy",82,81.72
"Chinese refried MSG-free little with eggs",106,370.74
"Chinese baked chunky beans",98,196.58
"shredded chicken mild vegetables",53,63.1
"turkey baked chocolate",102,375.8
"refried chicken chunky pasta",114,65.13
"refried cheese chunky beef with eggs",123,289.28
"shredded mild green beans",105,198.91
"shredded cheese mild light with eggs",49,309.82
"Chinese cheese MSG-free beef with gravy",104,315.08
"shredded cheese MSG-free beef with bacon",49,130.56
"chunky lasagna",96,406.15
"shredded cheese little pickled vegetables",88,353.27
"Chinese refried little with rice",10,151.59
"Chinese chicken chicken breast with green beans",118,172.74
"Chinese refried beans with green beans",78,148.03
"Chinese spicy mild little with eggs",101,50.4
"Chinese chicken MSG-free beef with eggs",22,85.09
"chicken chunky nuggets",123,279.12
"shredded refried MSG-free pasta",43,233.83
"Chinese cheese MSG-free little with eggs",18,362.47
"Chinese refried MSG-free green beans",118,279.32
"turkey refried MSG-free green beans",44,41.12
"turkey baked beans with beef with green beans",41,174.14
"Chinese spicy beans with light with eggs",66,274.56
"turkey baked MSG-free lasagna",22,401.96
"Chinese spicy mild little with rice",101,425.13
"cheese delicious whole corn",11,453.68
"Chinese cheese mild beef with pickled vegetables",4,391.44
"Chinese spicy delicious little shredded mansion",117,325.11
"refried baked mild light with eggs",18,27.81
"shredded chicken beef with pickled vegetables",64,107.94
"refried cookies light pickled vegetables",56,337.65
"Chinese chicken beans",9,71.83
"Chinese spicy delicious little with rice",92,225.59
"shredded baked MSG-free chocolate",91,59.11
"turkey chicken breast light pickled vegetables",98,474.2
"Chinese cookies little shredded mansion",114,385.27
"refried spicy MSG-free pork with eggs",111,116.98
"Chinese cheese beans with pork with eggs",3,123.32
"refried baked beans with light with eggs",18,311.43
"turkey refried mild beans",37,328.6
"refried chicken beef with eggs",57,160.67
"baked chunky nuggets",83,355.57
"refried chunky garbanzo beans",2,267.78
"Chinese refried chunky beef with bacon",98,429.22
"shredded refried cookies lasagna",39,371.01
"chicken breast lasagna",31,101.84
"Chinese cheese delicious vegetables",81,149.83
"turkey cheese delicious green beans",74,195.61
"turkey spicy delicious pork with eggs",37,138.47
"refried MSG-free beef with pickled vegetables",28,434.94
"Chinese light green beans",64,313.46
"Chinese mild little with rice",32,227.71
"chicken mild green beans",71,158.44
"refried spicy cookies pork with rice",70,187.3
"Chinese refried beans with light green beans",68,119.12
"turkey baked breast green beans",22,231.81
"spicy nuggets",92,417.07
"refried refried MSG-free green beans",6,229.68
"Chinese baked delicious little shredded mansion",60,111.45
"Chinese refried chocolate",38,348.77
"cheese beans with chocolate",70,432.03
"Chinese spicy breast vegetables",68,209.71
"turkey cheese beef with green beans",20,183.83
"turkey spicy delicious beef with green beans",8,183.88
"Chinese spicy cookies pork with rice",62,116.94
"turkey baked breast light with rice",125,186.67
"Chinese delicious little with eggs",57,1.32
"shredded cheese breast green beans",63,175.31
"Chinese cheese mild little with eggs",124,116.5
"turkey cheese chunky beef with gravy",75,400.61
"cheese breast little with eggs",30,307.32
"refried baked cookies pasta",54,38.16
"Chinese cookies beans",126,395.26
"turkey refried chunky beef with gravy",29,389.48
"refried mild beans",60,341.32
"shredded cheese beef with bacon",114,415.07
"baked MSG-free pork with eggs",60,473.08
"shredded chicken delicious light bacon",6,32.04
"turkey cheese cookies beef with pickled vegetables",43,143.82
"turkey breast pork gravy",66,44.21
"turkey chicken mild light pickled vegetables",69,156.29
"Chinese mild beef with gravy",65,228.14
"Chinese cheese delicious pork with eggs",81,361.68
"turkey delicious beef with gravy",51,262.3
"turkey cheese little with rice",105,211.25
"turkey chicken breast garbanzo beans",45,164.56
"Chinese baked chunky beef with bacon",76,442.81
"refried chicken chunky beef with pickled vegetables",56,28.78
"refried baked MSG-free light with eggs",86,159.2
"shredded refried MSG-free beef with eggs",36,245.79
"Chinese cheese beans with beef with pickled vegetables",19,376.43
"baked MSG-free with potatoes",88,249.98
"shredded baked lasagna",43,364.01
"refried baked mild light green beans",17,231.74
"Chinese cheese cookies green beans",2,163.23
"mild garbanzo beans",87,79.71
"turkey refried beans with little with eggs",112,475.26
"Chinese cheese beans with whole corn",36,141.02
"refried cheese MSG-free light bacon",31,25.51
"Chinese cheese mild with potatoes",24,302.77
"refried spicy chunky beef with pickled vegetables",90,225.45
"shredded chicken chunky nuggets",47,294.26
"baked breast garbanzo beans",63,129.92
"spicy cookies light with rice",93,325.76
"turkey refried cookies little with eggs",10,467.62
"refried spicy delicious light bacon",109,470.31
"Chinese refried MSG-free beef with eggs",96,368.44
"baked delicious garbanzo beans",128,108.25
"turkey chicken little shredded mansion",125,292.14
"refried spicy delicious light with eggs",8,230.43
"turkey baked breast little with eggs",17,396.69
"Chinese refried chicken breast with gravy",80,192.9
"turkey baked chunky vegetables",32,344.5
"shredded chicken breast light with eggs",26,389.39
"turkey chicken chunky pork gravy",2,5.73
"Chinese spicy green beans",42,18.79
"shredded chicken beans with garbanzo beans",87,250.78
"Chinese spicy chunky beef with bacon",85,247.71
"cheese breast pasta",34,118.82
"Chinese delicious beef with eggs",111,330.16
"cheese beef with green beans",107,95.67
"refried spicy MSG-free green beans",27,114.19
"shredded chicken light pickled vegetables",63,272.62
"refried chicken MSG-free garbanzo beans",113,452.85
"baked delicious light with rice",68,396.88
"turkey chicken beans with light with eggs",54,428.63
"turkey cheese breast green beans",127,282.37
"refried delicious green beans",4,320.28
"delicious light pickled vegetables",93,377.63
"cheese MSG-free vegetables",98,118.54
"refried chicken chunky little shredded mansion",87,274.03
"refried cheese delicious vegetables",91,364.68
"cheese mild little with eggs",98,434.61
"refried baked cookies lasagna",121,418.59
"Chinese refried chunky lasagna",25,389.69
"turkey cheese beans with pork with rice",123,112.04
"Chinese chicken cookies little shredded mansion",14,238.33
"shredded spicy mild light with eggs",85,242.98
"turkey refried MSG-free whole corn",14,253
"Chinese chicken chunky green beans",97,38.44
"turkey cheese mild beef with gravy",64,40.21
"shredded chicken delicious beans",124,129.83
"refried chicken delicious beef with green beans",58,265.12
"turkey baked cookies vegetables",28,359.56
"turkey refried mild light pickled vegetables",49,99.82
"shredded refried chunky green beans",54,460.31
"shredded baked MSG-free light with eggs",26,332.5
"shredded baked beans with light pickled vegetables",18,195.32
"turkey spicy little with rice",44,341.24
"Chinese chunky pork with eggs",34,0.14
"turkey refried chunky beef with pickled vegetables",49,76.33
"refried chunky drumsticks with rice",25,168.4
"Chinese chicken beans with little pickled vegetables",87,378.36
"shredded baked breast green beans",7,324.67
"turkey baked light with eggs",80,152.29
"refried refried cookies beef with green beans",90,220.45
"Chinese spicy beans with little with rice",9,6.02
"refried baked mild pork gravy",83,79.34
"turkey chicken mild pork with eggs",119,37.4
"refried chicken breast with gravy",77,314.52
"turkey chicken MSG-free little shredded mansion",126,409.1
"shredded chicken chunky whole corn",24,412.53
"Chinese refried beans with garbanzo beans",58,263.05
"refried refried beans with pork with eggs",36,111.77
"chicken cookies little with rice",117,111.56
"refried chicken chunky drumsticks bacon",45,365.84
"turkey refried delicious garbanzo beans",122,197.72
"shredded mild light with eggs",110,277.38
"Chinese cheese delicious light with eggs",31,332.31
"refried MSG-free light with eggs",22,123.15
"refried cheese mild little pickled vegetables",126,305.82
"Chinese cheese MSG-free light with eggs",101,55.26
"Chinese cheese beans with beans",82,151.2
"baked cookies lasagna",23,428.16
"shredded beans with beef with pickled vegetables",20,157.79
"refried beef with pickled vegetables",109,21.97
"refried chicken pork with eggs",51,5.5
"Chinese refried pork gravy",60,297.22
"refried chicken breast with bacon",120,101.5
"Chinese beans with beef with gravy",32,190.52
"Chinese spicy mild pasta",120,275.76
"baked delicious light bacon",95,62.38
"Chinese baked chicken breast with green beans",44,7.75
"refried spicy chunky beans",43,320.47
"refried chicken MSG-free pork gravy",42,103.47
"Chinese refried MSG-free beef with eggs",50,454.4
"spicy breast pork gravy",11,57.8
"refried chicken cookies beef with gravy",29,385.51
"Chinese baked MSG-free garbanzo beans",86,61.81
"turkey refried beef with pickled vegetables",97,81.98
"chicken chunky little pickled vegetables",40,434.18
"beans with beef with pickled vegetables",15,61.43
"chunky beef with eggs",71,213.93
"Chinese MSG-free beef with gravy",128,96.73
"Chinese cheese beans with pork with rice",16,195.94
"refried pork with eggs",107,380.24
"turkey chicken garbanzo beans",86,395.9
"turkey spicy beans with little shredded mansion",6,376.2
"shredded chicken breast little pickled vegetables",13,75.74
"Chinese spicy beans with light with rice",3,251.7
"Chinese cheese cookies beef with green beans",30,191.05
"shredded cheese breast nuggets",76,447.4
"refried baked MSG-free with potatoes",8,473.73
"shredded refried little pickled vegetables",36,73.27
"Chinese spicy chunky drumsticks green beans",120,454.3
"turkey refried beans with lasagna",22,5.4
"Chinese baked cookies beef with green beans",47,49.17
"Chinese baked breast light with eggs",86,426.42
"shredded cheese delicious light green beans",90,386.81
"turkey spicy chunky pork gravy",23,259.3
"Chinese refried delicious garbanzo beans",69,264.72
"Chinese refried delicious light green beans",106,437.75
"shredded cheese chunky chocolate",1,94.5
"Chinese cheese mild light with rice",118,145.15
"refried chunky beef with green beans",45,401.76
"turkey refried mild light bacon",34,235.33
"shredded cheese nuggets",42,401
"baked beef with pickled vegetables",34,455.1
"turkey baked cookies little with rice",30,257.35
"shredded spicy chunky green beans",67,52.7
"shredded baked MSG-free garbanzo beans",46,432.91
"Chinese chunky vegetables",103,231.52
"Chinese baked lasagna",33,458.94
"Chinese spicy light with eggs",100,126.53
"Chinese baked beans with with potatoes",64,50.68
"shredded spicy chunky pork with eggs",109,311.88
"Chinese cheese chunky beef with gravy",38,106.08
"turkey refried light pickled vegetables",108,327.32
"refried chicken delicious little pickled vegetables",87,254.96
"Chinese refried chunky little shredded mansion",6,45.67
"refried cheese MSG-free little pickled vegetables",48,404.13
"chicken beans with beef with green beans",57,384.36
"refried chicken delicious whole corn",16,165.22
"refried spicy chunky little with rice",7,262.47
"shredded refried cookies beef with green beans",108,162.73
"refried MSG-free beef with gravy",73,157.77
"Chinese baked delicious pork with eggs",112,113.07
"shredded baked chocolate",112,190.58
"Chinese cheese beans with green beans",78,34.27
"Chinese refried mild light with rice",92,364.22
"refried delicious pasta",21,432.89
"Chinese cheese mild beef with green beans",98,70.96
"baked chunky beef with pickled vegetables",56,326.45
"cheese chunky with potatoes",113,364.33
"Chinese baked MSG-free chocolate",72,120.25
"turkey refried delicious pasta",79,146.71
"shredded MSG-free light bacon",50,44.89
"Chinese cookies green beans",30,390.76
"Chinese refried chunky drumsticks bacon",98,32.05
"Chinese baked breast little with eggs",37,476.22
"Chinese refried MSG-free light with rice",65,187.58
"turkey chicken delicious light pickled vegetables",128,38.9
"refried baked beef with gravy",6,462.83
"cookies beef with gravy",68,474.53
"shredded baked beans with beef with green beans",2,96.33
"Chinese cheese cookies pork with eggs",101,99.36
"turkey cheese mild light bacon",11,208.14
"refried spicy chunky little pickled vegetables",60,325.06
"turkey cheese breast whole corn",51,270.49
"spicy chunky garbanzo beans",65,430.2
"Chinese cheese cookies light bacon",1,292.1
"Chinese breast garbanzo beans",51,95.92
"turkey chicken cookies beef with pickled vegetables",106,4.95
"baked beans with light bacon",61,239.66
"shredded baked chunky drumsticks pickled vegetables",78,445.64
"Chinese baked light with rice",89,392.56
"Chinese spicy cookies vegetables",63,215.36
"shredded baked MSG-free light green beans",59,300.28
"delicious garbanzo beans",55,82.42
"turkey chicken light with eggs",49,391.8
"turkey baked mild light bacon",46,452.17
"Chinese lasagna",127,211.98
"Chinese chicken delicious beans",46,84.47
"chicken delicious beans",22,399.56
"refried cheese beans with little pickled vegetables",30,189.4
"turkey spicy mild pork gravy",48,346.14
"refried cheese beans with little with eggs",88,220.3
"Chinese chicken beans with beef with pickled vegetables",106,143.48
"refried spicy mild light with rice",1,146.89
"turkey cheese chunky beef with green beans",118,447.06
"Chinese refried little with eggs",106,63.17
"turkey baked MSG-free green beans",6,263.83
"turkey spicy little shredded mansion",68,350.37
"shredded cheese with potatoes",89,133.98
"refried light pickled vegetables",97,427.69
"chunky drumsticks with eggs",98,298.09
"Chinese refried beans with light bacon",80,80.11
"shredded baked delicious whole corn",21,281.41
"Chinese baked beans with little pickled vegetables",80,317.92
"Chinese cheese delicious light with rice",29,393.75
"refried chicken cookies beef with eggs",41,471.01
"spicy breast light pickled vegetables",7,321.92
"turkey chicken cookies pork with rice",44,108.68
"baked delicious little shredded mansion",52,86.7
"Chinese refried chunky green beans",73,296.4
"shredded refried chunky beef with gravy",51,416.57
"Chinese breast pork gravy",47,144.61
"Chinese spicy breast whole corn",52,394.71
"turkey cheese mild chocolate",21,29.09
"Chinese cheese mild pork with rice",75,73.88
"Chinese spicy cookies beef with bacon",15,431.92
"refried chicken MSG-free little with rice",29,368.07
"refried mild light with eggs",20,209.81
"shredded spicy chunky drumsticks pickled vegetables",25,21.86
"Chinese chicken cookies beef with gravy",45,106.31
"MSG-free vegetables",81,202.62
"turkey refried MSG-free beef with green beans",60,173.54
"refried delicious chocolate",121,12.87
"refried chicken delicious pork with rice",57,90.04
"refried spicy beans with little pickled vegetables",67,40.22
"chicken chunky drumsticks green beans",71,16.77
"cheese mild pork with rice",45,293.58
"refried cheese MSG-free beef with green beans",118,345.93
"shredded baked mild light pickled vegetables",66,352.49
"turkey spicy mild light green beans",103,379.89
"turkey refried mild little with rice",123,103.37
"shredded spicy MSG-free pasta",21,32.73
"shredded cheese beans with beef with pickled vegetables",128,73.23
"turkey baked pork with eggs",75,337.36
"refried delicious lasagna",57,114.84
"Chinese chicken delicious beef with bacon",14,299.46
"Chinese chicken delicious light with eggs",24,4.88
"shredded cheese beans with beef with gravy",103,447.48
"shredded chicken beans with light with rice",52,343.53
"turkey refried mild light green beans",128,271.22
"turkey baked breast with potatoes",31,44.15
"shredded cookies pork gravy",13,227.26
"shredded refried light with eggs",14,474.4
"turkey chicken chunky drumsticks green beans",94,129.58
"Chinese refried mild little pickled vegetables",27,411.37
"turkey cheese MSG-free pasta",105,162.48
"turkey chicken chunky garbanzo beans",125,363.7
"shredded baked beans with pork with rice",18,235.23
"turkey pork with eggs",30,231.08
"chicken beans with light bacon",27,59.44
"turkey garbanzo beans",45,141.8
"shredded spicy MSG-free chocolate",111,355.95
"shredded chicken breast light pickled vegetables",83,146.83
"Chinese chicken MSG-free beef with pickled vegetables",106,66.6
"Chinese cheese breast pork gravy",38,114.89
"turkey baked MSG-free pasta",85,336.79
"turkey refried pork gravy",33,293.58
"mild green beans",23,148.6
"turkey baked beans with pasta",54,454.01
"refried cheese MSG-free nuggets",114,117.41
"Chinese chicken chunky drumsticks with eggs",9,400.42
"shredded beef with bacon",2,298.19
"turkey beans with beef with pickled vegetables",120,227.68
"Chinese baked cookies little with rice",37,142.05
"refried refried chicken breast with gravy",74,413.29
"refried little pickled vegetables",37,386.3
"refried MSG-free little pickled vegetables",107,307.5
"Chinese refried with potatoes",104,52.77
"Chinese baked chunky vegetables",59,23.09
"shredded breast light with eggs",65,80.89
"Chinese delicious pork with eggs",92,210.83
"Chinese cheese mild pork with eggs",72,366.9
"turkey MSG-free beans",105,32.04
"shredded MSG-free little shredded mansion",50,311.82
"turkey beans with beef with green beans",26,411.4
"shredded beans with little with rice",83,382.81
"shredded spicy MSG-free light green beans",71,316.6
"turkey refried chunky beef with green beans",52,30.24
"Chinese baked breast light bacon",42,78.73
"Chinese refried delicious green beans",111,286.69
"shredded cheese cookies pork gravy",24,165.17
"refried baked garbanzo beans",61,403.97
"Chinese refried MSG-free light bacon",113,154.63
"Chinese cookies garbanzo beans",87,201.08
"cheese MSG-free beef with gravy",119,249.46
"turkey chicken mild little with rice",34,336.51
"shredded delicious little with rice",41,255.58
"refried cheese breast vegetables",24,397.66
"refried spicy MSG-free beef with eggs",118,125.32
"Chinese refried nuggets",115,429.15
"refried chicken light with eggs",16,346.48
"refried refried light with eggs",54,450.45
"shredded refried beef with eggs",127,452.4
"Chinese refried cookies light green beans",63,64.14
"refried cheese mild beef with gravy",72,455.82
"refried spicy breast light pickled vegetables",22,45.21
"shredded spicy beans with vegetables",83,414.57
"turkey baked cookies light green beans",109,295.98
"refried spicy beans with light green beans",40,117.83
"refried baked breast little with eggs",55,81.41
"turkey spicy chunky vegetables",36,302.74
"shredded cheese MSG-free pork with rice",72,56.57
"Chinese cookies little with rice",4,271.66
"Chinese chunky beef with bacon",28,238.61
"Chinese baked cookies pork gravy",34,85.28
"turkey refried mild little pickled vegetables",66,116.82
"Chinese cheese breast pork with rice",53,86.4
"turkey cheese mild light with eggs",11,16.21
"shredded refried little with rice",91,379.79
"Chinese refried cookies beef with pickled vegetables",74,90.71
"cheese beans with little with rice",122,408.53
"turkey refried nuggets",27,346.84
"Chinese refried mild little with eggs",11,228.3
"turkey spicy breast with potatoes",9,393.49
"Chinese baked chunky with potatoes",59,446.33
"shredded chicken pork with eggs",13,237.16
"Chinese cookies with potatoes",92,2.22
"Chinese refried MSG-free light with rice",32,94.7
"shredded refried cookies vegetables",15,364.47
"refried chicken breast light green beans",123,248.95
"turkey delicious garbanzo beans",114,419.76
"Chinese cheese beans",36,13.07
"spicy breast light with rice",20,43.23
"spicy delicious light with rice",44,439.37
"shredded baked mild beef with green beans",37,332.95
"shredded cheese beans with pasta",119,249.38
"shredded spicy MSG-free beef with green beans",58,157.04
"turkey spicy breast green beans",111,291.76
"refried delicious beef with eggs",18,189.8
"shredded chicken delicious light with rice",6,151.8
"turkey spicy chunky drumsticks with rice",18,224.61
"spicy MSG-free little shredded mansion",39,469.21
"shredded cheese MSG-free beef with green beans",64,424.3
"refried spicy chicken breast with green beans",118,355.49
"Chinese chicken mild beef with bacon",104,441.72
"refried spicy chunky with potatoes",33,439.79
"Chinese baked garbanzo beans",23,212.03
"shredded spicy delicious little pickled vegetables",4,0.68
"shredded spicy green beans",121,70.75
"turkey refried mild lasagna",6,23.02
"refried MSG-free light with rice",33,332.43
"refried cheese cookies pork gravy",109,121.93
"refried refried cookies pork with rice",72,164.59
"Chinese spicy cookies little with eggs",30,427.23
"Chinese spicy beans with beans",124,461.99
"turkey baked MSG-free light with eggs",68,214.46
"refried delicious little with rice",80,168.08
"refried refried delicious green beans",46,171.04
"turkey baked delicious pork gravy",72,11.49
"chicken cookies beef with gravy",24,148.79
"refried mild lasagna",59,335.41
"chicken beans with little pickled vegetables",36,105.67
"turkey cheese beans with light with eggs",57,131.78
"shredded spicy delicious light bacon",77,15.99
"shredded spicy breast little with eggs",110,171.52
"Chinese baked delicious light green beans",31,364.92
"refried chicken breast little pickled vegetables",12,410.89
"shredded chicken chunky drumsticks bacon",76,144.38
"shredded baked beans with garbanzo beans",48,267.63
"turkey refried MSG-free pork with rice",41,149.38
"Chinese spicy beans",53,204.42
"shredded chunky drumsticks bacon",57,464.4
"delicious lasagna",90,52.1
"Chinese baked delicious beef with gravy",33,280.86
"turkey chicken cookies vegetables",1,155.02
"chicken beans with little with rice",10,29.67
"shredded refried delicious light bacon",49,246.39
"Chinese beans with vegetables",81,324.19
"Chinese delicious pork with eggs",63,367.06
"shredded delicious pasta",65,207.04
"refried little shredded mansion",9,187.53
"Chinese spicy mild light pickled vegetables",111,376.71
"delicious whole corn",1,60.09
"Chinese breast nuggets",67,196.77
"Chinese baked cookies little shredded mansion",88,349.85
"turkey refried MSG-free beef with eggs",89,348.04
"Chinese refried beef with pickled vegetables",33,161.04
"Chinese spicy cookies beef with gravy",115,379.24
"Chinese spicy MSG-free light bacon",30,71.22
"shredded cheese MSG-free pork gravy",123,254.97
"Chinese refried green beans",33,11.21
"turkey chicken cookies nuggets",33,384.45
"refried cheese MSG-free vegetables",83,66.72
"Chinese cheese delicious beef with pickled vegetables",60,250.02
"refried refried beans with vegetables",92,103.03
"Chinese baked mild beans",120,46.42
"shredded spicy beef with bacon",117,312.99
"refried spicy cookies little with rice",82,404.78
"refried baked mild pork with rice",113,336.84
"shredded spicy mild lasagna",81,438.55
"refried green beans",30,456.3
"beans with light pickled vegetables",103,257.29
"Chinese MSG-free beef with pickled vegetables",117,319.6
"Chinese baked breast green beans",21,208.3
"cheese breast pork with eggs",51,87.8
"shredded delicious green beans",72,260.04
"Chinese cheese cookies lasagna",92,344.17
"shredded chicken cookies light with rice",121,378.06
"shredded cheese MSG-free beef with gravy",9,385.01
"spicy chunky little with rice",103,21.9
"chicken mild light green beans",112,176.48
"shredded baked mild green beans",37,249.28
"turkey chicken breast lasagna",113,366.57
"turkey refried MSG-free little pickled vegetables",61,371.44
"turkey refried delicious pork with rice",11,385.27
"shredded cheese cookies little pickled vegetables",124,363.61
"shredded lasagna",78,329.93
"refried cheese MSG-free beef with pickled vegetables",53,182.66
"refried refried cookies with potatoes",34,398.33
"chicken breast with bacon",86,43.29
"Chinese cheese cookies green beans",18,110.91
"spicy breast nuggets",60,452.98
"shredded chicken MSG-free garbanzo beans",80,350.74
"Chinese spicy delicious pork gravy",63,130.98
"refried refried cookies little shredded mansion",107,264.88
"chicken cookies little shredded mansion",62,312.41
"cheese beans with whole corn",92,341.58
"shredded delicious beef with eggs",98,25.36
"spicy beans with nuggets",46,64.99
"chicken chunky little with eggs",11,90.33
"Chinese cheese breast with potatoes",9,98.26
"Chinese cheese mild little with rice",28,368.54
"turkey chicken MSG-free light with eggs",50,45.76
"refried refried chunky beef with pickled vegetables",42,344.77
"Chinese chicken chunky drumsticks green beans",5,164.39
"shredded mild beef with eggs",19,79.82
"refried spicy chocolate cookies",50,58.84
"refried cheese beef with green beans",77,160.55
"turkey spicy cookies beans",79,138.94
"Chinese baked MSG-free little pickled vegetables",22,81.24
"turkey refried mild beef with pickled vegetables",110,185.99
"turkey chicken MSG-free green beans",51,337.17
"refried lasagna",37,91.45
"Chinese nuggets",86,102.87
"turkey lasagna",125,227.46
"refried mild little with eggs",116,45.72
"refried chicken mild little shredded mansion",73,263.78
"Chinese cookies green beans",114,326.17
"Chinese chocolate",70,473.43
"Chinese beans with pork gravy",87,312.36
"refried mild pork with rice",69,420.68
"Chinese spicy mild beef with green beans",102,84.01
"turkey cheese MSG-free beef with eggs",122,319.06
"Chinese spicy mild light bacon",105,257.22
"refried spicy breast lasagna",73,75.11
"Chinese baked beans with beef with eggs",41,128.77
"turkey baked chunky beans",34,106.48
"Chinese refried mild little shredded mansion",103,127.57
"refried baked cookies light green beans",127,238.4
"refried MSG-free beef with gravy",46,218.09
"refried refried vegetables",43,89.23
"Chinese spicy cookies nuggets",40,60.78
"beans with garbanzo beans",127,270.24
"refried delicious green beans",76,287.29
"spicy delicious beef with green beans",11,82.61
"turkey chicken mild green beans",79,459.17
"turkey mild light bacon",5,340.3
"Chinese refried light with eggs",26,411.33
"chicken light with rice",8,133.71
"refried cheese breast chocolate",97,117.4
"turkey chicken mild vegetables",92,103.66
"chicken mild chocolate",124,322.34
"turkey chunky chocolate",128,114.84
"shredded spicy pasta",44,335.64
"Chinese refried mild light bacon",35,378.55
"chicken light bacon",28,326.25
"shredded baked beans with green beans",59,336.3
"refried refried chunky green beans",81,114.22
"Chinese refried delicious light bacon",81,190.14
"cheese MSG-free beef with bacon",10,251.29
"turkey cheese delicious nuggets",72,16.08
"refried baked mild beans",81,173.47
"Chinese delicious green beans",33,278.6
"shredded refried mild light pickled vegetables",70,416.61
"turkey MSG-free beef with eggs",63,28.7
"refried MSG-free pork with eggs",85,31.93
"refried light with rice",86,182.49
"shredded refried chunky little with eggs",19,274.78
"cheese chicken breast with gravy",116,214.86
"refried spicy delicious light pickled vegetables",94,113.79
"Chinese spicy beans with beef with bacon",59,383.44
"Chinese baked breast pork gravy",127,1.94
"refried refried chunky drumsticks green beans",79,287.92
"Chinese spicy chicken breast with pickled vegetables",2,297.78
"chicken MSG-free little with rice",30,435.19
"refried baked cookies green beans",8,51.51
"cheese mild nuggets",19,220.24
"turkey baked breast light bacon",79,404.41
"Chinese baked delicious beef with green beans",71,430.29
"MSG-free pork with eggs",94,352.76
"Chinese spicy mild chocolate",40,309.34
"Chinese chicken chunky with potatoes",86,197.09
"Chinese cheese breast pork with eggs",9,117.31
"refried baked lasagna",104,350.8
"Chinese baked mild light green beans",80,59.17
"Chinese baked cookies beans",60,29.29
"Chinese refried chunky pork with rice",12,159.16
"shredded baked MSG-free beef with eggs",111,120.74
"shredded baked chunky with potatoes",122,331.58
"refried spicy MSG-free little shredded mansion",105,334.82
"shredded baked chunky whole corn",121,32.97
"Chinese refried beans with nuggets",43,60.82
"Chinese refried cookies beef with gravy",35,439.56
"refried pasta",115,10.38
"Chinese MSG-free vegetables",52,212.38
"refried spicy cookies light pickled vegetables",108,311.35
"turkey chicken chunky beans",106,360.98
"Chinese baked mild light bacon",127,169.29
"Chinese breast whole corn",97,329.94
"Chinese refried MSG-free vegetables",84,70.33
"turkey breast little pickled vegetables",125,231.5
"Chinese chunky pasta",123,344.96
"chicken MSG-free green beans",52,178.04
"refried MSG-free green beans",21,269.92
"turkey chicken MSG-free beef with eggs",121,364.36
"shredded cheese mild beef with eggs",125,38.7
"MSG-free garbanzo beans",31,326.58
"shredded cheese mild vegetables",123,180.18
"turkey refried beans with little with rice",42,466.49
"Chinese chicken breast whole corn",33,303.52
"turkey beans with green beans",122,61.77
"shredded chicken mild little with eggs",109,194.22
"Chinese chicken breast chocolate",99,273.15
"Chinese refried beans",28,72.05
"cheese delicious pork with eggs",56,151.7
"turkey baked cookies with potatoes",93,235.63
"baked MSG-free nuggets",43,137.79
"turkey spicy mild with potatoes",75,429.68
"MSG-free little with eggs",106,169.96
"Chinese chicken chunky nuggets",55,80.05
"Chinese MSG-free nuggets",85,96.69
"shredded spicy chunky little with rice",66,457.38
"refried chicken beans with chocolate",84,312.73
"Chinese baked chicken breast with pickled vegetables",26,169.91
"shredded refried cookies pork gravy",110,447.33
"turkey baked chunky beef with bacon",124,366.84
"Chinese MSG-free beef with bacon",112,173.07
"shredded delicious pork with eggs",87,13.71
"turkey cheese chicken breast with gravy",27,332.44
"turkey whole corn",59,454.29
"Chinese breast lasagna",128,322.09
"refried mild nuggets",89,269.59
"Chinese chicken mild green beans",24,129.68
"turkey baked cookies nuggets",58,100.65
"refried refried delicious whole corn",85,145.46
"shredded baked breast beans",96,43.34
"refried chunky pork with eggs",69,171.73
"shredded baked nuggets",9,236.11
"shredded cheese breast lasagna",27,174.71
"Chinese chicken delicious pork with eggs",64,113.45
"shredded refried pork with eggs",68,461.38
"Chinese chicken light with eggs",67,202.45
"Chinese spicy MSG-free pork with eggs",35,214.5
"spicy garbanzo beans",80,37.03
"shredded baked delicious vegetables",66,305.64
"refried mild light bacon",71,38.53
"shredded refried chunky lasagna",57,88.76
"chicken with potatoes",128,94.02
"spicy chunky drumsticks with rice",113,267.59
"baked mild pasta",76,289.08
"Chinese spicy delicious with potatoes",121,206.91
"shredded cheese beans with little with rice",122,304.06
"baked cookies beef with gravy",122,287.77
"Chinese cheese delicious lasagna",87,120.08
"Chinese baked delicious little with eggs",102,455.29
"shredded spicy breast little with rice",20,384.44
"turkey refried chunky lasagna",1,151.44
"Chinese cheese little pickled vegetables",114,365.67
"Chinese chicken cookies beef with green beans",22,292.54
"spicy beans with little pickled vegetables",114,19.35
"shredded spicy beans with pasta",82,289.56
"refried cheese MSG-free little shredded mansion",55,24.56
"turkey refried MSG-free light pickled vegetables",82,407.81
"shredded cheese MSG-free light bacon",57,73.89
"Chinese MSG-free light green beans",38,341.26
"refried pork with rice",57,27.14
"spicy chicken breast with bacon",97,220.97
"shredded refried MSG-free beef with bacon",23,378.05
"refried delicious light with rice",21,31.97
"Chinese spicy chunky drumsticks bacon",86,455.58
"turkey baked beans with light green beans",53,295.24
"refried refried light pickled vegetables",89,430.5
"turkey cheese chunky beef with eggs",73,326.4
"refried refried green beans",22,367.58
"Chinese spicy breast garbanzo beans",62,147.33
"Chinese baked cookies beef with pickled vegetables",84,123.74
"baked mild garbanzo beans",23,240.65
"Chinese spicy delicious garbanzo beans",94,385.34
"Chinese cheese beans with light with eggs",45,281.73
"chicken breast light bacon",120,52.27
"baked beans with beef with pickled vegetables",83,5.54
"Chinese baked MSG-free garbanzo beans",28,152.56
"turkey spicy cookies garbanzo beans",113,58.38
"shredded refried lasagna",56,216.41
"turkey spicy mild beef with green beans",83,318.6
"Chinese spicy cookies light with rice",88,395.07
"baked breast with potatoes",83,244.95
"Chinese spicy breast lasagna",99,130.32
"turkey delicious with potatoes",103,386.82
"Chinese chicken chunky drumsticks green beans",18,255.36
"Chinese cheese green beans",29,352.9
"refried refried delicious vegetables",40,145.01
"turkey breast pork with eggs",100,342.41
"shredded spicy chicken breast with gravy",61,331.79
"refried baked MSG-free light with rice",5,18.68
"refried spicy beans with light pickled vegetables",43,169.85
"shredded cheese beans with pork gravy",63,72.85
"refried refried beans with whole corn",120,31.33
"refried beans with light with rice",65,462.08
"Chinese beef with pickled vegetables",18,194.84
"turkey cookies light pickled vegetables",122,37.38
"refried chunky beef with bacon",31,2.83
"Chinese spicy little with rice",64,403.09
"turkey cheese mild with potatoes",95,108.37
"turkey baked MSG-free little with rice",114,440.68
"Chinese cheese mild little with eggs",88,217.41
"turkey delicious nuggets",24,96.76
"turkey baked MSG-free little with eggs",82,74.97
"turkey spicy delicious little with rice",71,387.08
"refried refried with potatoes",10,434.98
"refried cheese little pickled vegetables",86,336.77
"refried beans with little shredded mansion",91,271.82
"turkey chicken chunky nuggets",102,104.11
"turkey refried MSG-free beef with bacon",67,230.8
"turkey cheese mild little with eggs",100,68.78
"Chinese spicy mild light green beans",31,24.1
"Chinese MSG-free pork with eggs",65,274.3
"Chinese cheese chicken breast with gravy",86,267.56
"Chinese baked mild nuggets",124,279.53
"Chinese baked mild beef with eggs",93,210.93
"Chinese chicken beans with little shredded mansion",58,151.75
"refried chicken mild beef with gravy",83,430
"refried chicken mild garbanzo beans",19,455.88
"Chinese spicy delicious green beans",121,102.36
"shredded baked delicious light with rice",19,30.04
"Chinese baked little shredded mansion",63,410.59
"refried baked delicious green beans",66,348.52
"shredded spicy chunky drumsticks bacon",41,354.69
"Chinese MSG-free green beans",64,279.58
"turkey refried chunky pork with rice",11,20.93
"refried lasagna",82,96.72
"Chinese chicken delicious beef with eggs",31,216.92
"chicken MSG-free nuggets",103,73.36
"refried cookies pork with eggs",122,380.96
"Chinese baked light with rice",106,262.67
"Chinese spicy beans with beef with green beans",65,29.98
"shredded spicy cookies green beans",4,218.69
"turkey baked chunky pork with rice",125,377.71
"refried spicy breast green beans",102,279.98
"shredded pork with eggs",48,383.74
"spicy chunky whole corn",17,83.53
"refried MSG-free little with eggs",109,22.05
"turkey spicy cookies light with eggs",26,90.25
"refried cookies light bacon",4,336.41
"beans with pork with rice",47,145.03
"Chinese cheese little with eggs",4,41.06
"turkey chicken beans with whole corn",39,449.26
"turkey refried beans with green beans",87,66.48
"cheese beans with light green beans",90,273.95
"Chinese cheese delicious chocolate",62,454.96
"turkey chicken cookies garbanzo beans",87,196.37
"refried refried chunky beef with eggs",85,48.46
"turkey mild beef with green beans",45,334.37
"spicy beans with light with rice",58,281.82
"Chinese chicken breast lasagna",81,430.64
"shredded refried little with rice",21,278.77
"Chinese refried delicious pork with rice",29,376.11
"Chinese spicy cookies beef with pickled vegetables",59,276.37
"Chinese refried with potatoes",101,219.24
"Chinese baked MSG-free light bacon",18,418.35
"spicy beans with light bacon",120,390.47
"turkey baked cookies green beans",88,410.61
"Chinese baked green beans",37,468.66
"Chinese delicious green beans",16,430.44
"refried cookies pasta",22,45.17
"Chinese refried delicious light pickled vegetables",124,78.87
"refried beans with pork gravy",78,261.06
"Chinese cheese mild with potatoes",63,307.12
"Chinese breast little with eggs",53,116.34
"turkey spicy chunky drumsticks pickled vegetables",119,414.49
"turkey chicken mild beef with green beans",35,12.09
"shredded beans with beef with eggs",126,103.02
"spicy cookies nuggets",11,331.88
"Chinese spicy beans with pork with rice",12,76.23
"shredded baked beans with beef with eggs",65,411.48
"refried baked delicious beans",90,300.84
"chicken beans with beef with eggs",121,110.34
"Chinese cheese cookies nuggets",98,428.12
"Chinese cheese light bacon",29,98.98
"Chinese chicken light pickled vegetables",83,86.99
"refried chicken breast pork with rice",59,211.27
"Chinese refried beans with green beans",84,71.54
"refried beans with chocolate",42,339.13
"Chinese chicken chunky beef with green beans",86,357.04
"shredded chicken chunky drumsticks with eggs",30,7.89
"shredded refried chunky whole corn",57,218.92
"Chinese baked pork with rice",61,468.26
"Chinese refried light pickled vegetables",6,82.82
"shredded breast pork with rice",118,471.32
"breast light green beans",3,94.64
"refried spicy MSG-free pork gravy",48,19.97
"turkey chunky beef with eggs",74,278.41
"Chinese refried delicious light with eggs",67,57.39
"Chinese beans with pork with eggs",115,156.67
"Chinese refried beans with pork with rice",81,416.67
"turkey cheese mild green beans",31,0.48
"Chinese chicken chunky little pickled vegetables",123,71.73
"cheese cookies light bacon",10,78.09
"Chinese refried light with rice",72,379.2
"turkey baked cookies little with eggs",96,443.48
"breast light pickled vegetables",65,424.14
"chicken whole corn",85,424.37
"Chinese spicy cookies whole corn",116,384.6
"shredded spicy chunky pork with rice",92,304.58
"cheese delicious light with eggs",60,177.82
"shredded baked mild beef with pickled vegetables",37,76.15
"refried refried mild nuggets",97,193.8
"refried light bacon",57,247.08
"refried cookies light with eggs",111,377.09
"shredded baked MSG-free beef with pickled vegetables",60,251.28
"turkey refried mild pork with rice",83,414.46
"refried beans with vegetables",34,111.97
"Chinese spicy chunky beef with eggs",16,291.19
"Chinese cheese pork gravy",16,265.53
"shredded baked MSG-free pork with eggs",113,228.16
"shredded baked cookies beans",125,240.58
"Chinese baked chunky drumsticks pickled vegetables",89,262
"refried cheese cookies light green beans",1,43.85
"Chinese green beans",128,312.92
"turkey chicken delicious little with rice",28,93.42
"Chinese chicken little with eggs",113,230.97
"turkey breast garbanzo beans",46,466.41
"turkey cookies beef with green beans",25,235.2
"Chinese cookies light with rice",84,82.04
"mild beef with pickled vegetables",19,97.13
"Chinese chicken chunky vegetables",20,322.84
"shredded baked mild garbanzo beans",46,335.24
"turkey breast with potatoes",100,278.82
"Chinese chicken delicious beef with gravy",2,166.29
"turkey delicious light green beans",73,323.66
"shredded cheese cookies little with eggs",24,410.85
"turkey spicy delicious pasta",7,176.58
"turkey chicken chicken breast with eggs",19,89.04
"turkey baked beans with light with rice",115,141.38
"Chinese chicken MSG-free light green beans",10,100.51
"Chinese cheese MSG-free with potatoes",75,259.05
"turkey MSG-free nuggets",42,380.25
"Chinese cheese chunky little pickled vegetables",48,462.46
"Chinese refried beans with little pickled vegetables",118,234.71
"cheese chunky beef with eggs",76,379.86
"refried refried chunky whole corn",50,200.59
"shredded spicy delicious little shredded mansion",13,186.8
"turkey refried mild with potatoes",121,137.63
"chunky little shredded mansion",67,440.51
"Chinese chunky little pickled vegetables",86,330.48
"turkey beans",20,283.23
"turkey chicken breast light bacon",71,58.37
"turkey cheese breast nuggets",40,249.26
"refried spicy delicious green beans",60,88.24
"Chinese baked chunky pork with eggs",80,32.9
"refried MSG-free pasta",37,145.93
"Chinese cheese MSG-free chocolate",24,115.58
"Chinese chicken delicious vegetables",122,309.83
"shredded spicy delicious light with rice",58,130.97
"refried chicken delicious pork with eggs",104,99.23
"refried baked mild light pickled vegetables",83,254.17
"refried refried MSG-free pasta",85,142.73
"refried chicken cookies beef with bacon",25,273.94
"refried spicy cookies light bacon",62,205.58
"turkey cheese delicious beef with eggs",58,274.04
"refried little pickled vegetables",15,114.08
"shredded cheese chunky nuggets",61,328.48
"Chinese baked delicious beef with green beans",32,211.31
"turkey cheese mild nuggets",79,399.16
"shredded mild pork gravy",98,87.39
"shredded refried mild garbanzo beans",42,18.62
"Chinese refried MSG-free light green beans",54,90.12
"refried refried mild pork with rice",30,295.39
"refried chicken beans with vegetables",99,285.29
"refried chicken MSG-free light with eggs",125,232.4
"Chinese chicken cookies little pickled vegetables",18,346.26
"cheese beans with pork gravy",79,276.75
"shredded beans with garbanzo beans",55,295.72
"refried baked breast pork with rice",18,195.06
"Chinese refried chunky pasta",76,407.68
"Chinese chicken MSG-free garbanzo beans",38,443.43
"shredded mild with potatoes",80,473.83
"shredded refried mild beef with green beans",118,243.48
"shredded spicy chunky green beans",111,110.22
"Chinese spicy chunky beef with gravy",84,222.43
"refried cheese MSG-free light pickled vegetables",122,154.5
"Chinese cheese breast green beans",46,348.83
"Chinese chicken beans with vegetables",7,113
"turkey little pickled vegetables",3,310.15
"chicken beans",102,417.87
"refried cheese beans with light green beans",40,184.53
"refried refried chunky pork with rice",106,160.39
"Chinese baked chunky pork gravy",18,73.45
"Chinese chicken mild garbanzo beans",124,436.78
"Chinese breast little shredded mansion",128,423.42
"turkey spicy chunky with potatoes",16,205.86
"shredded chicken MSG-free little with eggs",17,75.18
"Chinese delicious light green beans",1,218.47
"chicken breast whole corn",5,330
"Chinese refried beans",120,204.18
"Chinese baked MSG-free nuggets",71,427.32
"refried delicious whole corn",47,123.63
"cheese chunky little pickled vegetables",82,8.66
"baked mild beef with bacon",76,448.31
"shredded delicious beef with gravy",70,419.08
"Chinese chicken breast little shredded mansion",15,114.38
"turkey refried cookies light with eggs",7,248.78
"chicken mild little pickled vegetables",35,171.75
"Chinese cheese light pickled vegetables",74,47.11
"refried chicken cookies garbanzo beans",70,164.15
"shredded refried chunky drumsticks with rice",76,40.69
"spicy delicious pork gravy",96,58.72
"shredded cheese pasta",59,413.13
"Chinese chicken breast green beans",93,158.82
"Chinese baked MSG-free beef with bacon",126,292.44
"refried beans with green beans",120,34.16
"refried with potatoes",7,220.6
"chicken mild pork with rice",79,38.18
"chunky drumsticks bacon",39,330.72
"cheese delicious green beans",38,14
"turkey chicken MSG-free beef with green beans",82,298.13
"shredded chicken delicious pasta",79,140.6
"turkey refried beans with light pickled vegetables",93,131.97
"refried cheese mild vegetables",81,324.24
"chicken delicious light with rice",40,50.33
"Chinese refried beans with chocolate",59,110.83
"Chinese spicy breast little with eggs",92,74.3
"Chinese refried cookies beef with bacon",45,272.43
"shredded refried beef with green beans",39,329.1
"shredded chicken vegetables",7,189.89
"turkey refried chunky nuggets",15,223.69
"shredded spicy light with eggs",43,29.84
"breast pork with rice",103,149.46
"baked delicious nuggets",94,59.48
"refried beans with lasagna",97,456.12
"Chinese chicken mild green beans",124,295.27
"Chinese cheese beans with vegetables",127,34.88
"Chinese delicious whole corn",35,469.63
"shredded cheese MSG-free little with eggs",105,97.28
"Chinese refried chunky beef with gravy",39,268.22
"baked cookies green beans",100,31.71
"turkey cheese cookies little with rice",89,410.49
"shredded baked chunky little with rice",48,38.12
"Chinese cheese breast pasta",20,168.84
"turkey cheese cookies lasagna",123,453.73
"Chinese delicious beef with eggs",8,45.72
"spicy chunky nuggets",123,266.32
"refried baked little with rice",70,453.62
"with potatoes",11,427.94
"Chinese baked mild light with eggs",50,80.72
"shredded baked beans with beans",26,10.63
"Chinese cookies pork with eggs",58,126.8
"chicken delicious garbanzo beans",104,220.59
"spicy beans with pork gravy",29,361.47
"cheese beans with beef with gravy",31,194.46
"Chinese baked beans with lasagna",103,403.51
"refried chunky beans",107,403.37
"Chinese mild chocolate",37,427.7
"refried cheese chunky green beans",16,66.12
"refried baked breast light pickled vegetables",26,390.71
"Chinese refried mild nuggets",126,57.31
"shredded cheese delicious light bacon",48,197.69
"Chinese spicy delicious pork with rice",58,344.15
"mild little with rice",111,93.26
"cheese green beans",13,420.99
"Chinese spicy mild green beans",18,266.69
"shredded chunky pork with eggs",40,72.64
"Chinese spicy chunky drumsticks with eggs",128,395.39
"Chinese baked beans with whole corn",81,358.65
"refried chicken delicious beef with pickled vegetables",32,374.32
"turkey refried mild vegetables",81,273.55
"shredded refried beans with beef with gravy",94,182.33
"turkey cheese beans with beef with eggs",16,17.06
"mild light with eggs",68,25.7
"turkey breast chocolate",70,33.15
"Chinese refried mild beef with pickled vegetables",59,285.01
"turkey MSG-free beef with green beans",51,52.2
"spicy beans with light green beans",118,140.29
"Chinese chicken MSG-free chocolate",23,308.6
"turkey spicy breast light bacon",57,259.34
"Chinese cheese breast whole corn",5,168.91
"refried refried MSG-free little pickled vegetables",19,398.6
"Chinese baked chunky little with eggs",53,194.08
"turkey chunky drumsticks pickled vegetables",122,280.34
"refried baked cookies little with eggs",98,138.31
"Chinese delicious whole corn",94,48.97
"refried refried delicious little shredded mansion",18,358.81
"Chinese refried little shredded mansion",80,160.5
"refried chunky little with rice",83,328.56
"shredded baked beans with beef with bacon",56,64.47
"turkey chicken cookies green beans",125,163.77
"refried mild green beans",117,243.15
"turkey chicken mild pasta",37,165.06
"Chinese spicy chunky chocolate",3,221.83
"refried spicy cookies vegetables",89,304.67
"turkey baked breast nuggets",43,44.52
"Chinese baked chunky pasta",33,108.13
"Chinese baked MSG-free beans",60,137.35
"refried cheese breast whole corn",84,90.68
"refried baked beans with with potatoes",28,225.02
"Chinese chicken chunky with potatoes",47,123.82
"spicy delicious green beans",54,159.74
"turkey baked cookies pork gravy",111,399.38
"cheese breast nuggets",113,352.42
"refried baked chunky beans",14,413.25
"turkey spicy beef with bacon",103,257.85
"turkey baked mild beans",112,137.35
"shredded delicious lasagna",29,340.8
"spicy beans with little with eggs",26,364.49
"refried cheese mild light bacon",29,143.34
"turkey cheese chunky with potatoes",31,405.44
"shredded baked delicious little with rice",78,228.44
"Chinese chicken little pickled vegetables",2,415.09
"shredded cheese chunky little pickled vegetables",68,250.21
"turkey chicken delicious beef with green beans",48,462.31
"Chinese spicy mild lasagna",24,344.69
"baked chicken breast with gravy",60,303.73
"Chinese cheese whole corn",113,298.09
"Chinese refried MSG-free with potatoes",30,331.75
"Chinese baked mild beef with eggs",115,13.85
"Chinese spicy beef with gravy",77,166.73
"turkey baked beef with eggs",22,344.89
"Chinese spicy breast little with rice",11,18.01
"Chinese chunky chocolate",110,183.98
"Chinese spicy light with eggs",125,184.56
"refried baked delicious light bacon",104,117.89
"turkey baked MSG-free beef with bacon",43,3.35
"Chinese chicken MSG-free beef with eggs",123,319.11
"shredded chunky nuggets",58,178.05
"shredded baked breast little pickled vegetables",119,80.98
"turkey chunky whole corn",68,242.47
"Chinese chicken beans with light with rice",102,373.16
"shredded baked beans with with potatoes",106,454.08
"turkey chicken MSG-free lasagna",12,190.89
"turkey refried chunky with potatoes",38,46.15
"refried refried mild beef with eggs",9,439.01
"shredded cookies beef with pickled vegetables",113,292.8
"refried mild beef with pickled vegetables",50,50.92
"shredded cheese mild pork gravy",99,340.54
"Chinese baked MSG-free with potatoes",122,67.24
"shredded spicy breast beans",13,420.36
"refried spicy chunky pork gravy",85,358.73
"breast little shredded mansion",47,104.11
"turkey chicken breast pork with rice",20,301.45
"shredded baked delicious beef with bacon",8,295.17
"refried spicy mild beef with pickled vegetables",110,448.47
"shredded spicy chocolate cookies",75,99.38
"Chinese breast vegetables",5,326.15
"shredded cheese chicken breast with eggs",119,162.08
"refried spicy cookies whole corn",30,20.51
"Chinese baked mild beef with green beans",42,375.4
"turkey chicken breast pork gravy",68,157.36
"turkey baked beans with beans",22,112.73
"refried spicy beans with nuggets",88,229.74
"refried spicy MSG-free whole corn",107,367.92
"Chinese chicken chunky little shredded mansion",44,461.35
"refried refried whole corn",13,399.61
"shredded chicken MSG-free beef with gravy",35,318.86
"shredded cheese cookies beans",58,304.32
"shredded refried cookies pork with eggs",54,274.23
"Chinese cheese delicious beef with pickled vegetables",41,146.02
"Chinese cheese MSG-free beef with pickled vegetables",27,416.01
"turkey beans with pork with rice",13,76.42
"turkey pork gravy",102,389.69
"shredded MSG-free light green beans",61,236.68
"cheese delicious green beans",108,468.69
"Chinese refried mild with potatoes",115,35.61
"shredded cheese cookies light bacon",4,17.99
"shredded spicy beef with pickled vegetables",68,258.11
"Chinese cheese delicious lasagna",33,100.35
"Chinese spicy pork with rice",77,159.11
"turkey baked light bacon",90,141.06
"refried spicy cookies pork gravy",5,277.11
"Chinese spicy beans with green beans",110,422.05
"Chinese baked chunky whole corn",40,61.1
"shredded refried MSG-free light bacon",23,166.81
"refried refried little with eggs",105,61.19
"Chinese cheese breast beans",92,398.48
"shredded spicy cookies beef with pickled vegetables",48,263.25
"refried spicy chunky drumsticks bacon",27,397.57
"turkey cheese mild green beans",23,303.72
"Chinese cookies pork with rice",54,260.61
"Chinese baked delicious light with eggs",58,103.23
"baked cookies light pickled vegetables",106,0.9
"shredded refried MSG-free pork with rice",42,247.7
"turkey spicy beef with eggs",39,418.5
"turkey refried delicious little shredded mansion",99,380.78
"Chinese chicken breast lasagna",39,411.95
"refried refried MSG-free little shredded mansion",41,406.95
"refried little with rice",114,395.04
"turkey spicy mild nuggets",38,268.93
"chicken mild light with rice",111,181.05
"refried cheese chicken breast with eggs",71,25.66
"refried baked chunky little with eggs",86,374.75
"shredded breast pork with eggs",15,459.38
"Chinese chunky green beans",100,224.38
"Chinese spicy little shredded mansion",109,188.67
"refried spicy mild little with rice",18,461.42
"Chinese spicy mild chocolate",64,370.97
"refried refried chicken breast with green beans",3,170.13
"refried vegetables",42,270.85
"turkey spicy chunky pork with rice",104,186.14
"spicy chunky lasagna",38,414.21
"shredded cheese chunky garbanzo beans",33,20.39
"refried baked beans with little with eggs",43,234.81
"Chinese baked MSG-free green beans",75,120.77
"shredded refried MSG-free beef with gravy",28,208.76
"chicken beef with green beans",56,92.39
"turkey cheese light with eggs",11,133.04
"refried chicken breast light pickled vegetables",8,84.91
"refried beans with little with eggs",85,420
"Chinese chicken beef with pickled vegetables",36,280.37
"turkey refried delicious light with rice",124,24.31
"cheese delicious vegetables",108,175.74
"Chinese chicken MSG-free light green beans",49,142
"Chinese cookies pork with rice",115,46.23
"refried MSG-free lasagna",89,339.82
"shredded cheese chunky drumsticks with eggs",109,358.04
"turkey cheese delicious light with eggs",92,0.18
"turkey chicken MSG-free pasta",120,416.82
"Chinese baked mild little pickled vegetables",16,232.69
"Chinese refried cookies pasta",16,292.11
"refried chunky little shredded mansion",29,179.67
"shredded cheese delicious pasta",37,286.93
"Chinese chicken MSG-free little shredded mansion",89,74.9
"refried mild beef with bacon",111,335.69
"Chinese chunky lasagna",51,159.12
"Chinese MSG-free whole corn",23,406.3
"refried delicious beans",31,297.4
"shredded cheese delicious green beans",86,323.3
"Chinese mild light bacon",128,271.58
"Chinese chicken with potatoes",35,97.21
"shredded chicken beans with green beans",73,169.64
"turkey MSG-free green beans",44,460.63
"cheese MSG-free beef with pickled vegetables",124,138.94
"refried cookies whole corn",111,215.4
"Chinese cheese mild lasagna",24,68.6
"Chinese spicy whole corn",13,133.03
"turkey chunky vegetables",76,246.97
"turkey chicken breast little with eggs",64,431.86
"shredded beans with chocolate",20,100.32
"refried baked green beans",113,21.69
"Chinese beans with little pickled vegetables",68,359.35
"refried cheese delicious beans",104,165.87
"Chinese pork with rice",115,271.94
"shredded spicy chocolate",31,202.21
"Chinese spicy chunky pasta",111,137.62
"Chinese beans with light bacon",53,473.57
"Chinese pork gravy",8,109.94
"shredded baked cookies green beans",12,93.44
"turkey cheese beef with eggs",105,357.21
"Chinese cheese cookies pork gravy",101,76.39
"baked breast little shredded mansion",7,413.29
"refried chicken cookies little pickled vegetables",53,82.83
"Chinese refried mild beef with eggs",55,69.11
"shredded refried chocolate",97,457.45
"turkey chicken mild with potatoes",120,318.47
"shredded baked chunky beef with gravy",32,338.47
"Chinese baked beans with light green beans",32,432.57
"Chinese spicy beef with bacon",110,34.27
"refried cookies green beans",16,30.54
"Chinese spicy chicken breast with eggs",33,6.08
"chicken chicken breast with bacon",128,257.87
"shredded chicken delicious beef with pickled vegetables",119,288.68
"Chinese spicy chunky drumsticks bacon",56,379.36
"refried light with eggs",128,86.98
"shredded spicy chunky lasagna",103,436.57
"Chinese cheese MSG-free beef with green beans",2,147.01
"turkey spicy chunky little with rice",101,464.41
"Chinese chicken mild green beans",113,465.34
"turkey spicy mild chocolate",3,131
"refried lasagna",44,430.27
"cookies little with eggs",1,331.48
"shredded refried MSG-free green beans",1,237.31
"Chinese cheese mild little with rice",74,120.92
"chicken cookies beans",16,245.57
"turkey chunky little shredded mansion",19,48.37
"refried spicy beans with green beans",21,342
"cheese breast vegetables",74,373.67
"spicy MSG-free pork with rice",34,217.89
"turkey breast light bacon",26,197.41
"shredded baked delicious beef with gravy",81,116.03
"turkey cheese beans with light green beans",3,100.55
"shredded MSG-free beef with green beans",54,120.77
"shredded spicy MSG-free light with eggs",91,43.07
"shredded spicy breast whole corn",82,376.57
"baked mild light green beans",47,293.9
"cheese chunky beef with gravy",10,235.8
"spicy mild pork with eggs",125,290.9
"shredded spicy delicious green beans",121,331.72
"shredded chicken chunky pork gravy",89,292.04
"turkey refried cookies pasta",103,131.58
"Chinese cheese MSG-free chocolate",2,221.69
"Chinese refried chunky pork with rice",23,308.98
"turkey baked delicious lasagna",59,339.87
"refried baked delicious garbanzo beans",90,141.7
"Chinese chicken chunky drumsticks bacon",94,26.01
"refried refried beans with with potatoes",60,201.31
"baked breast green beans",57,414.12
"Chinese beans with beef with pickled vegetables",71,383.18
"turkey chicken chunky beef with eggs",71,143.08
"shredded refried mild pasta",33,326.21
"Chinese beans with pork with eggs",49,157.8
"spicy delicious with potatoes",98,358.64
"spicy vegetables",10,433.67
"turkey baked breast pork gravy",18,88.35
"Chinese spicy MSG-free nuggets",104,159.84
"shredded cheese lasagna",126,186.35
"Chinese cheese chocolate cookies",1,473.14
"Chinese spicy chunky little pickled vegetables",2,92.76
"Chinese cheese mild beef with green beans",21,241.1
"refried chunky with potatoes",95,310.87
"Chinese spicy MSG-free light pickled vegetables",127,455.47
"shredded cheese mild whole corn",53,471.25
"Chinese spicy breast little pickled vegetables",73,228.23
"shredded cheese mild beans",28,72.62
"shredded spicy beans with little with rice",73,50.25
"cheese chunky whole corn",38,243.75
"Chinese baked chunky drumsticks bacon",22,410.42
"turkey chunky beans",60,291.86
"Chinese chicken delicious garbanzo beans",15,369.6
"turkey cheese cookies little with eggs",118,17.63
"Chinese refried delicious with potatoes",69,361.89
"refried refried beans",16,61.49
"shredded baked little shredded mansion",32,159.8
"Chinese mild beef with green beans",48,4
"turkey light with eggs",12,24.88
"refried baked MSG-free whole corn",2,438.95
"turkey spicy breast light pickled vegetables",50,132.35
"Chinese spicy beans with little pickled vegetables",82,316.96
"refried spicy mild little shredded mansion",65,406.95
"refried MSG-free chocolate",53,106.73
"shredded beans with little with eggs",77,41.9
"Chinese refried delicious light with rice",113,190.77
"shredded baked MSG-free lasagna",35,270.34
"cheese MSG-free light with eggs",98,204.67
"shredded chicken beans with little shredded mansion",120,423.68
"Chinese baked MSG-free pork with rice",8,433.28
"turkey baked mild little with eggs",103,230.18
"Chinese chicken cookies garbanzo beans",3,240.21
"Chinese spicy delicious light with rice",118,47.67
"Chinese chicken breast chocolate",22,113.05
"chicken MSG-free pork with eggs",101,70.64
"shredded chicken breast little shredded mansion",86,446.28
"Chinese refried cookies vegetables",29,310.28
"turkey refried chicken breast with gravy",27,116.09
"Chinese light with rice",63,283.07
"Chinese chicken breast with bacon",122,115.63
"Chinese cheese mild chocolate",35,317.54
"Chinese chicken MSG-free whole corn",122,239.68
"shredded chicken cookies little pickled vegetables",102,126.75
"Chinese spicy MSG-free whole corn",99,456.85
"Chinese spicy MSG-free beef with bacon",120,402.86
"turkey refried chicken breast with bacon",4,269.36
"Chinese refried MSG-free pasta",9,100.57
"shredded baked mild light with eggs",103,321.71
"Chinese cheese chunky beef with eggs",50,279.4
"spicy MSG-free vegetables",125,388
"delicious little with eggs",84,127.2
"Chinese cheese chunky pork gravy",111,146.33
"cookies with potatoes",91,214.88
"refried spicy breast chocolate",103,94.64
"spicy beans with little shredded mansion",84,284.35
"turkey cheese mild pork with eggs",83,98.98
"turkey baked cookies green beans",73,352.12
"spicy breast pork with rice",120,12.24
"turkey baked breast whole corn",94,340.26
"Chinese refried little with rice",82,236.07
"Chinese spicy mild beans",97,219.3
"cheese MSG-free with potatoes",74,446.84
"Chinese chunky little with eggs",57,231.38
"shredded spicy pork gravy",125,291.9
"Chinese chicken pork gravy",19,17.91
"spicy mild light bacon",86,40.98
"refried refried MSG-free light with eggs",94,148.04
"Chinese MSG-free little with rice",52,228.23
"Chinese little with eggs",83,458.49
"Chinese chicken beans with beans",90,20.72
"Chinese cheese mild nuggets",6,468.05
"refried cheese chunky green beans",19,119.6
"Chinese cheese MSG-free little pickled vegetables",51,345.23
"refried cheese mild with potatoes",35,207.36
"Chinese chicken cookies green beans",31,227.25
"baked cookies light with eggs",66,352.46
"Chinese chicken cookies beef with bacon",45,367.25
"spicy delicious whole corn",116,168.66
"Chinese cheese MSG-free little with rice",38,412.4
"shredded spicy beans with beef with eggs",25,319.07
"shredded baked MSG-free little with rice",57,406.99
"Chinese chicken MSG-free light bacon",3,421.07
"Chinese mild green beans",110,57.47
"shredded cheese breast with potatoes",4,44.09
"breast light with eggs",51,192.67
"Chinese refried little with eggs",80,469.89
"Chinese beef with green beans",52,165.59
"turkey chicken mild light with eggs",60,377.38
"turkey spicy chunky beef with pickled vegetables",97,71.68
"turkey beans with vegetables",66,326.81
"Chinese chicken beans with light with rice",70,375.4
"refried refried chunky pork gravy",10,188.67
"refried cheese breast little with rice",49,309.99
"Chinese cheese delicious little pickled vegetables",44,17.63
"refried spicy mild green beans",120,277.78
"shredded refried chunky little with rice",116,30.21
"Chinese beans with green beans",54,331.83
"Chinese chicken chocolate",64,165.44
"Chinese baked MSG-free little shredded mansion",52,104.03
"Chinese baked chunky beef with green beans",113,109.43
"Chinese refried chocolate",2,304.28
"refried beans with with potatoes",55,358.99
"shredded refried beans with pork with eggs",65,110.75
"Chinese refried pork with rice",45,472.89
"turkey spicy beans with nuggets",120,64.86
"baked chocolate cookies",68,229.4
"turkey spicy MSG-free lasagna",1,476.03
"Chinese refried MSG-free pork with eggs",39,438.41
"turkey cheese delicious whole corn",65,281.13
"refried cheese breast pork with eggs",80,452.03
"refried refried cookies light with eggs",107,295.9
"Chinese baked beans with light with rice",37,133.59
"baked chunky chocolate",41,344.46
"baked cookies with potatoes",51,469.41
"Chinese baked beans with garbanzo beans",40,268.66
"Chinese beans with light pickled vegetables",27,9.66
"Chinese cheese light with eggs",22,163.71
"Chinese chicken chocolate",25,376.66
"Chinese cookies pasta",18,343.07
"refried cheese breast little pickled vegetables",17,145.47
"chicken delicious light green beans",10,270.26
"spicy cookies little pickled vegetables",60,316.29
"Chinese with potatoes",121,267.04
"Chinese chicken breast little with eggs",74,444.78
"baked chunky beef with bacon",123,13.08
"refried chicken delicious light pickled vegetables",36,200.82
"shredded refried delicious light with rice",64,456.61
"refried chicken MSG-free little pickled vegetables",45,264.92
"turkey cheese cookies beans",58,182.42
"turkey spicy light with rice",18,253.72
"turkey cheese beef with gravy",65,86.41
"turkey cheese MSG-free light with eggs",126,308.82
"cheese beans with light with rice",90,315.9
"chicken MSG-free with potatoes",103,275.28
"turkey cheese little with eggs",40,161.65
"baked beans with vegetables",93,32.25
"Chinese baked breast light pickled vegetables",28,231.51
"refried baked breast with potatoes",83,460.39
"turkey chicken beans with little shredded mansion",47,230.8
"turkey baked MSG-free nuggets",96,208.98
"Chinese spicy cookies lasagna",67,91.02
"Chinese refried mild light with eggs",88,132.5
"Chinese breast chocolate",78,265.53
"refried cheese MSG-free beef with eggs",70,30.96
"shredded baked chunky drumsticks bacon",34,1.21
"refried chicken chunky vegetables",115,441.48
"turkey baked cookies light pickled vegetables",14,102.76
"Chinese mild light pickled vegetables",123,229.22
"Chinese chicken nuggets",20,258.18
"delicious vegetables",89,331.93
"turkey cheese beef with bacon",34,397.8
"refried refried chunky chocolate",60,157.04
"refried cheese mild beans",121,440.16
"spicy cookies with potatoes",4,427.46
"Chinese chicken breast green beans",125,40.42
"refried refried beans with light with eggs",110,312.97
"turkey cheese delicious lasagna",3,445.64
"shredded cheese little with eggs",85,203.02
"shredded breast garbanzo beans",66,113.59
"Chinese spicy chunky beef with green beans",113,246.54
"refried mild beef with gravy",16,283.4
"Chinese baked MSG-free light green beans",4,215.6
"cheese breast with potatoes",124,397.37
"Chinese spicy mild garbanzo beans",74,435.02
"shredded spicy beans with light pickled vegetables",99,233.03
"Chinese baked breast vegetables",7,52.59
"Chinese spicy delicious light bacon",96,64.13
"refried baked whole corn",17,296.63
"Chinese baked mild nuggets",124,455.16
"refried cookies garbanzo beans",14,35.58
"baked MSG-free garbanzo beans",108,105.75
"shredded cheese MSG-free little with rice",8,385.31
"baked mild beans",41,247.28
"refried little with rice",74,202.02
"refried spicy breast whole corn",61,159.26
"turkey spicy chunky green beans",86,159.69
"refried vegetables",111,90.71
"Chinese mild light with eggs",85,337.95
"shredded cheese light bacon",34,315.42
"refried chicken cookies little with rice",109,462.11
"Chinese baked beans with beef with green beans",25,43.09
"turkey baked cookies beef with pickled vegetables",29,220.55
"turkey chicken cookies pork gravy",61,272.06
"refried spicy delicious pasta",83,219.77
"cheese breast green beans",45,106.95
"shredded mild garbanzo beans",2,340.53
"turkey refried chunky drumsticks pickled vegetables",104,232.78
"chicken delicious pork with eggs",16,313.75
"Chinese spicy beans with green beans",95,154.38
"turkey baked cookies beef with bacon",73,125.35
"cheese beans with with potatoes",102,171.85
"refried spicy mild pork with rice",16,352.01
"cheese cookies little with rice",28,4.63
"Chinese refried beans with pasta",103,113.94
"Chinese chunky drumsticks with eggs",98,116.81
"Chinese cheese delicious vegetables",8,115.13
"refried baked mild little shredded mansion",13,227.61
"baked light pickled vegetables",73,370.87
"refried cheese MSG-free green beans",24,359.69
"Chinese chunky beef with bacon",10,373.17
"Chinese cheese MSG-free light pickled vegetables",30,98.4
"spicy beans with beans",11,472.78
"Chinese MSG-free lasagna",87,389.9
"turkey baked beans with little shredded mansion",59,108.47
"Chinese baked cookies lasagna",66,356.26
"shredded breast pork gravy",110,189.34
"shredded chicken cookies pasta",2,349.35
"shredded refried chunky pork with eggs",77,9.08
"Chinese refried pasta",18,301.82
"cheese mild pork with eggs",108,304.1
"Chinese cheese delicious garbanzo beans",113,43.28
"cheese beans with lasagna",22,195.03
"Chinese chicken beans with pork with rice",122,275.68
"Chinese cheese delicious little shredded mansion",126,469.45
"chicken cookies light bacon",100,125.96
"turkey mild beans",38,171.12
"refried mild pork with eggs",23,260.15
"shredded baked cookies light with eggs",27,143.16
"Chinese cheese chunky lasagna",72,433.1
"chicken chunky beef with gravy",74,405.19
"Chinese chicken chicken breast with eggs",74,215.11
"turkey baked chocolate cookies",19,83.29
"Chinese baked MSG-free beef with pickled vegetables",72,324.46
"shredded refried green beans",99,237.13
"Chinese chicken cookies with potatoes",104,10.38
"shredded chicken chunky with potatoes",61,350.37
"Chinese refried mild light green beans",46,95.88
"shredded spicy beans with little with eggs",63,252.18
"turkey beef with pickled vegetables",101,259.6
"refried delicious light green beans",117,130.98
"refried spicy breast with potatoes",51,89.01
"turkey refried chunky pork gravy",55,87.07
"turkey chicken chunky vegetables",103,206.47
"Chinese spicy mild garbanzo beans",41,376.33
"refried baked chunky chocolate",87,43.17
"spicy MSG-free light green beans",81,440.1
"shredded mild pasta",115,200.13
"refried MSG-free green beans",121,187.02
"beef with pickled vegetables",73,184.02
"turkey refried delicious chocolate",66,136.91
"Chinese cheese cookies beef with bacon",18,296.84
"Chinese cheese mild green beans",5,227.09
"shredded baked MSG-free pork gravy",122,470.33
"Chinese chicken cookies pork with rice",1,274.55
"turkey chicken beef with gravy",9,412.54
"turkey cheese pork gravy",30,284.17
"turkey cookies green beans",58,458.03
"Chinese baked chunky lasagna",112,469.04
"shredded chicken breast beans",38,193.61
"turkey chicken beans with garbanzo beans",57,154.9
"turkey cookies nuggets",60,238.05
"Chinese cheese delicious with potatoes",59,400.36
"Chinese baked chunky drumsticks with eggs",111,31.9
"chicken cookies light pickled vegetables",80,279.66
"shredded chicken MSG-free beef with pickled vegetables",37,224.86
"Chinese chunky pork gravy",51,145.07
"refried chicken beans with light green beans",116,408.6
"refried baked little with eggs",95,126.82
"turkey chunky beef with gravy",127,356.64
"refried cheese chunky little shredded mansion",107,333.17
"shredded refried pork with eggs",82,40.63
"shredded refried mild pork with eggs",19,119.67
"shredded spicy chicken breast with green beans",53,40.5
"shredded refried chunky drumsticks pickled vegetables",65,233.87
"turkey chicken MSG-free beef with gravy",7,443.65
"turkey chicken delicious green beans",60,359.92
"Chinese refried mild whole corn",114,172.62
"Chinese chicken breast little with rice",72,57.15
"shredded cookies light with eggs",9,326.64
"shredded MSG-free beef with bacon",107,348.38
"refried refried cookies beef with pickled vegetables",76,317.61
"spicy cookies green beans",101,175.72
"Chinese cheese lasagna",118,232.22
"refried baked cookies pork with rice",2,380.2
"turkey cheese breast light green beans",23,401.81
"turkey cheese chunky beef with bacon",11,72.67
"Chinese baked chunky drumsticks with eggs",70,241.67
"shredded cheese beans with beef with green beans",61,445.78
"Chinese spicy chunky pork gravy",14,262.37
"refried spicy breast nuggets",116,91.74
"Chinese baked cookies beef with bacon",123,351.31
"Chinese chicken chunky lasagna",81,401.43
"shredded refried MSG-free garbanzo beans",105,424.84
"turkey spicy chocolate",27,246.51
"turkey chicken chunky drumsticks pickled vegetables",67,64.14
"refried cheese beans",11,265.06
"shredded refried MSG-free little shredded mansion",46,164.94
"shredded chicken little shredded mansion",111,110.98
"turkey cookies beef with gravy",21,264.85
"shredded baked MSG-free beans",11,89.76
"Chinese mild little shredded mansion",53,435.52
"shredded delicious light bacon",12,54.25
"refried chunky with potatoes",43,400.29
"shredded chicken little with rice",62,324.02
"Chinese refried chunky vegetables",60,332.6
"turkey spicy breast pork with eggs",33,154.92
"Chinese cheese MSG-free garbanzo beans",71,177.34
"Chinese chunky pork gravy",128,278.67
"chicken MSG-free beef with pickled vegetables",33,211.24
"shredded cheese chicken breast with pickled vegetables",71,94.65
"turkey refried cookies pork with rice",52,360.49
"Chinese refried cookies pork gravy",26,212.34
"Chinese pasta",114,335.47
"Chinese chicken vegetables",109,141.57
"Chinese spicy chunky pasta",42,348.64
"Chinese baked mild garbanzo beans",18,215.62
"shredded spicy delicious light pickled vegetables",128,15.13
"baked breast pork with rice",78,258
"Chinese refried chocolate cookies",21,265.5
"baked beans with pork gravy",85,360.46
"Chinese delicious light bacon",56,332.58
"refried cheese green beans",22,331.35
"Chinese baked cookies pork with eggs",97,259.66
"Chinese refried light bacon",90,397.97
"Chinese baked mild beef with bacon",8,105.22
"Chinese refried MSG-free vegetables",66,138.05
"Chinese baked MSG-free light with rice",18,281.3
"Chinese MSG-free little with eggs",90,468.99
"Chinese cheese delicious light with rice",80,117.92
"refried cheese mild little shredded mansion",72,449.16
"cheese delicious light green beans",111,131.48
"refried refried chunky vegetables",60,344.11
"shredded chicken beans with lasagna",73,425.02
"shredded refried mild beef with bacon",42,189.11
"Chinese spicy whole corn",32,475.47
"MSG-free beef with eggs",68,346.64
"spicy chunky green beans",110,370.42
"refried refried MSG-free little with rice",78,42.69
"spicy chunky drumsticks with eggs",38,403.57
"Chinese cheese delicious with potatoes",57,268.95
"Chinese cheese mild whole corn",113,447.07
"refried chunky whole corn",11,54.83
"Chinese refried mild light with rice",50,213.82
"turkey refried chunky drumsticks with rice",94,379.5
"turkey refried delicious with potatoes",28,347.51
"turkey breast beans",13,274.73
"turkey chicken beans with light with rice",123,347.14
"Chinese chicken cookies nuggets",109,70.77
"shredded spicy chicken breast with eggs",30,162.59
"turkey beans with light with eggs",126,161.99
"shredded spicy delicious beef with pickled vegetables",24,438.54
"baked cookies whole corn",83,356.76
"refried baked MSG-free green beans",37,449.07
"shredded cheese chunky green beans",1,191.71
"Chinese chicken breast light green beans",124,11.24
"refried cheese chicken breast with green beans",126,205.77
"baked mild chocolate",126,4.95
"refried refried delicious pork with eggs",68,331.21
"shredded baked cookies whole corn",86,343.11
"refried chicken MSG-free light green beans",59,325.24
"refried baked chunky nuggets",87,231.72
"turkey baked mild vegetables",122,25.59
"refried refried mild beef with green beans",67,104.12
"turkey spicy garbanzo beans",49,220.03
"shredded baked chunky little with eggs",61,124.58
"Chinese baked mild light with rice",6,171.81
"shredded baked delicious pork with rice",121,236.46
"shredded baked breast chocolate",105,179.43
"turkey chicken chunky chocolate",31,113.47
"shredded chicken pasta",70,53.07
"shredded refried mild beef with pickled vegetables",97,467.99
"turkey cheese cookies pasta",24,420.41
"Chinese refried delicious nuggets",32,22.84
"cookies green beans",95,140.29
"cheese delicious chocolate",71,427.23
"shredded baked beans",127,263.15
"refried refried beans with beef with gravy",21,239.53
"turkey cheese breast little with eggs",20,335.25
"Chinese refried cookies nuggets",86,235.59
"shredded refried beans with with potatoes",42,87.97
"refried chicken mild pork with eggs",96,284.18
"shredded baked delicious garbanzo beans",3,218.28
"Chinese chicken delicious beef with pickled vegetables",83,343.15
"Chinese baked cookies little with rice",124,234.31
"Chinese baked mild pork with eggs",28,57.41
"shredded baked beans with lasagna",46,29.16
"turkey refried beans with light with rice",49,177.1
"Chinese spicy chunky little with rice",43,47.49
"turkey cheese breast pasta",89,375.24
"shredded spicy beans with little shredded mansion",25,121.8
"shredded chicken mild pork with eggs",34,155.23
"spicy cookies beef with gravy",74,173.69
"turkey chicken chunky little pickled vegetables",83,139.61
"shredded spicy chunky garbanzo beans",98,220.28
"Chinese cheese pork with rice",103,228.63
"refried chicken delicious beef with eggs",87,400.91
"Chinese cheese delicious green beans",23,302.65
"shredded chicken mild pork with rice",19,271.89
"baked breast light with rice",45,186.94
"Chinese cheese delicious pasta",110,430.24
"Chinese spicy green beans",102,430.43
"Chinese chicken delicious pasta",84,81.86
"shredded spicy mild light bacon",104,8.73
"Chinese cheese mild nuggets",118,119.63
"Chinese spicy cookies beef with green beans",51,55.63
"Chinese chicken delicious lasagna",14,435.01
"baked beans with green beans",118,259.5
"shredded spicy mild nuggets",126,296.25
"Chinese baked light bacon",117,433.32
"Chinese beans with little with rice",95,468.94
"cheese chunky beef with pickled vegetables",44,41.22
"refried pork with rice",24,50.38
"spicy chunky drumsticks pickled vegetables",112,61.48
"Chinese baked beans with light bacon",117,409.26
"refried baked mild nuggets",102,292.44
"turkey refried delicious little pickled vegetables",67,363.5
"shredded cheese beans with nuggets",32,248.23
"baked beans with garbanzo beans",30,130.04
"Chinese chicken beans with light with eggs",5,438.08
"Chinese baked chunky chocolate",17,443.24
"spicy chunky beef with gravy",41,432.01
"refried baked beans with beef with gravy",125,327.62
"cheese breast chocolate",5,204.21
"Chinese pork with eggs",67,365.92
"Chinese refried beans with little with rice",78,396.45
"baked MSG-free pork gravy",85,130.35
"Chinese refried MSG-free light pickled vegetables",127,353.76
"beans with nuggets",23,260.05
"refried chicken chocolate cookies",32,391.17
"spicy delicious little pickled vegetables",76,384.57
"refried delicious light pickled vegetables",50,359.53
"turkey chicken beans with pork gravy",28,62.22
"refried spicy chunky nuggets",77,7.3
"turkey refried cookies light bacon",114,343.37
"Chinese refried cookies nuggets",117,145.53
"Chinese cheese chunky drumsticks green beans",123,254.92
"Chinese spicy breast pork gravy",92,171.61
"Chinese cheese mild lasagna",34,116.85
"turkey breast light pickled vegetables",68,132.33
"Chinese refried beans with beef with pickled vegetables",8,336.69
"refried cookies beans",116,181.15
"Chinese cheese green beans",71,161.31
"Chinese cookies beef with eggs",117,406.76
"Chinese chicken delicious beef with green beans",50,424.53
"refried cookies pork with eggs",47,238.38
"Chinese cheese cookies little pickled vegetables",61,386.66
"Chinese chicken delicious little shredded mansion",16,396.25
"refried cheese MSG-free garbanzo beans",108,334.81
"Chinese delicious beans",85,210.12
"spicy light with rice",77,378.86
"baked MSG-free vegetables",96,27.95
"spicy chunky pasta",83,34.38
"refried chunky drumsticks green beans",87,294.93
"turkey mild vegetables",119,243.27
"shredded chicken MSG-free beef with green beans",81,156.97
"Chinese cheese MSG-free pork with rice",7,417.97
"Chinese refried delicious beef with bacon",19,27.17
"shredded cookies beef with green beans",78,391.86
"Chinese cheese beans with green beans",102,278.73
"Chinese refried beans with vegetables",64,462.16
"shredded baked beans with light with rice",26,118.96
"Chinese baked chunky chocolate",23,296.12
"spicy breast green beans",127,202.67
"cheese cookies little shredded mansion",73,249.53
"shredded cheese beans with chocolate",52,254.25
"Chinese spicy cookies beef with bacon",34,181.18
"Chinese mild green beans",128,476.24
"Chinese baked cookies little pickled vegetables",120,118.78
"refried chocolate",44,230.41
"turkey spicy cookies light bacon",48,416.69
"Chinese refried delicious beans",70,425.73
"Chinese baked mild lasagna",85,64.2
"turkey cheese chicken breast with green beans",15,359.03
"shredded spicy mild beef with eggs",100,334.65
"Chinese cheese chunky drumsticks with eggs",25,198.25
"Chinese cheese cookies light with eggs",81,217.61
"shredded little with eggs",90,230.98
"Chinese mild vegetables",80,46.04
"turkey baked MSG-free beef with green beans",86,226.65
"Chinese spicy chunky little shredded mansion",37,460.19
"shredded spicy nuggets",115,57
"refried MSG-free light green beans",56,170.51
"refried refried light green beans",29,407.98
"Chinese baked chocolate",68,296.45
"Chinese spicy chunky beef with pickled vegetables",25,154.95
"turkey baked delicious beans",13,446.39
"turkey spicy delicious pork with rice",73,13.51
"Chinese refried beans with pork with eggs",102,467.89
"refried spicy cookies little shredded mansion",18,313.03
"Chinese whole corn",62,304.7
"refried spicy chunky chocolate",42,319.49
"delicious beef with eggs",35,113.49
"baked mild little shredded mansion",124,411.45
"refried cookies beef with pickled vegetables",105,287.23
"chicken mild nuggets",70,38.18
"Chinese cheese MSG-free lasagna",19,69.59
"Chinese spicy vegetables",9,182.94
"shredded refried delicious garbanzo beans",18,206.54
"refried refried light with rice",94,394.37
"refried mild green beans",29,274.48
"Chinese spicy cookies beans",24,327.04
"Chinese baked cookies green beans",90,137.26
"Chinese chicken breast with eggs",106,64.06
"spicy beans",57,261.6
"shredded cheese MSG-free green beans",64,365.17
"Chinese baked beans with little with rice",119,36.82
"Chinese baked beans with beef with bacon",101,271.9
"Chinese chicken cookies pork with eggs",80,226.89
"shredded refried chunky pork gravy",92,456.7
"cheese whole corn",83,250.29
"Chinese beans with little pickled vegetables",127,319.01
"turkey baked MSG-free vegetables",50,197.9
"Chinese baked delicious lasagna",51,228.27
"refried refried lasagna",103,172.14
"turkey baked delicious whole corn",38,1.28
"refried MSG-free light pickled vegetables",9,274.93
"shredded chicken delicious beef with green beans",49,30.56
"refried beans with beef with eggs",91,214.88
"Chinese spicy cookies beef with eggs",8,65.4
"Chinese delicious little shredded mansion",36,457.57
"Chinese spicy chunky beef with pickled vegetables",54,170.5
"Chinese cheese beans with beef with green beans",76,90.13
"shredded cheese pork with eggs",86,445.28
"refried refried mild beef with gravy",66,351.72
"cheese MSG-free pork with eggs",34,75.34
"Chinese chicken delicious little with rice",59,219.61
"Chinese breast vegetables",50,370.06
"Chinese chicken cookies pork gravy",122,418.84
"Chinese baked delicious little with rice",88,266.91
"Chinese spicy chicken breast with bacon",35,470.01
"turkey spicy beans with whole corn",41,124.81
"Chinese whole corn",69,81.84
"refried chicken light pickled vegetables",92,248.49
"refried cheese beans with little with rice",48,423.4
"turkey refried garbanzo beans",25,429.62
"refried chicken MSG-free beef with gravy",56,387.48
"turkey baked chunky drumsticks green beans",68,8.7
"refried chicken cookies beef with green beans",80,8.61
"refried baked chicken breast with green beans",14,251.21
"Chinese refried chunky green beans",127,299.83
"chunky nuggets",64,152.42
"turkey chicken cookies beef with green beans",34,292.1
"turkey refried green beans",56,72.56
"chicken MSG-free pork with rice",80,58.59
"Chinese chicken delicious pork gravy",74,278.85
"Chinese chicken cookies pork gravy",110,417.75
"Chinese spicy chicken breast with green beans",53,51.51
"turkey cheese green beans",42,101.85
"Chinese baked MSG-free green beans",62,265.54
"chunky garbanzo beans",47,358.2
"shredded spicy mild light pickled vegetables",74,186.41
"refried refried chunky pasta",56,212.94
"shredded cheese beans with little pickled vegetables",53,428.41
"shredded cheese MSG-free with potatoes",10,281.01
"shredded spicy little shredded mansion",113,361.86
"refried spicy cookies beef with pickled vegetables",121,3.15
"shredded chicken breast lasagna",88,111.64
"Chinese baked MSG-free pork gravy",1,120.1
"Chinese delicious with potatoes",76,291.98
"shredded refried delicious little with eggs",19,127.52
"beans with whole corn",97,12.64
"refried baked chunky green beans",22,227.49
"refried chicken pork gravy",96,154.12
"Chinese refried beef with gravy",77,143.13
"shredded baked mild little pickled vegetables",43,378.13
"cheese breast little pickled vegetables",106,423.56
"shredded baked chunky little shredded mansion",56,202.96
"Chinese spicy MSG-free chocolate",45,340.74
"turkey beans with chocolate",13,457.14
"Chinese refried chunky with potatoes",107,251.11
"Chinese cookies beef with eggs",25,395.12
"Chinese chicken chunky beef with eggs",20,222.42
"Chinese baked MSG-free beef with eggs",64,255.93
"beef with bacon",90,385.61
"chicken chunky lasagna",83,394.4
"Chinese mild pork gravy",71,234.41
"turkey chicken chunky green beans",14,374.35
"Chinese baked beef with gravy",57,299.08
"turkey baked little with eggs",39,149.72
"shredded spicy chunky pork gravy",91,468.16
"refried refried beans",47,424.03
"Chinese chicken cookies little with eggs",28,440.74
"Chinese cheese chunky drumsticks pickled vegetables",1,441.53
"refried cheese chunky pork with eggs",82,26.43
"shredded cheese beans with beans",24,373.77
"chicken beans with light with eggs",101,6.24
"Chinese spicy lasagna",72,261.2
"shredded cheese beans with beef with eggs",117,328.95
"shredded chicken chunky pork with rice",60,423.46
"Chinese cookies beans",15,352.98
"shredded light with eggs",111,210.62
"Chinese spicy breast light bacon",34,110.6
"shredded spicy mild beef with gravy",93,191.1
"refried refried chunky garbanzo beans",53,411.49
"turkey spicy delicious little pickled vegetables",32,154.33
"refried cheese MSG-free beef with gravy",43,133.4
"light with rice",77,401.06
"refried refried beans with pasta",42,41.57
"Chinese baked mild beef with green beans",100,309.53
"refried cheese MSG-free pork with eggs",77,420.62
"refried chicken mild little with eggs",49,158.55
"refried MSG-free beans",40,111.25
"baked cookies beef with green beans",26,436.59
"baked chunky little with eggs",117,233.74
"Chinese refried garbanzo beans",34,198.51
"Chinese chicken beans with green beans",50,362.66
"Chinese chicken MSG-free little pickled vegetables",78,79.66
"refried MSG-free beef with bacon",68,5.21
"spicy delicious little with rice",47,185.68
"turkey cheese beans",109,64.24
"shredded chicken mild pasta",66,116.22
"refried cheese cookies little pickled vegetables",68,115.76
"shredded refried beans with little shredded mansion",5,238.47
"Chinese baked MSG-free pork with rice",105,109.57
"refried chicken breast with eggs",12,253.08
"Chinese refried beans with little pickled vegetables",125,250.56
"baked mild whole corn",4,314.78
"refried spicy green beans",90,38.32
"turkey spicy beans",71,464.47
"turkey chicken whole corn",72,192.96
"Chinese garbanzo beans",72,209.83
"Chinese chicken breast vegetables",65,212.46
"chicken mild beef with gravy",35,216.74
"spicy cookies pork gravy",92,397.59
"shredded baked chunky pork gravy",27,130.27
"turkey refried vegetables",10,455.02
"Chinese cheese breast vegetables",62,73.31
"baked mild pork gravy",44,337.29
"cheese cookies pasta",122,424.32
"Chinese cheese cookies with potatoes",117,418.51
"shredded spicy cookies nuggets",31,327.41
"refried chicken chunky nuggets",27,82.21
"cheese MSG-free little with eggs",128,165.37
"baked cookies little with rice",123,435.07
"turkey baked MSG-free light bacon",125,450.44
"baked chocolate",75,111.62
"Chinese chicken cookies beef with pickled vegetables",108,13.39
"refried chicken delicious light bacon",98,235.69
"refried light green beans",110,411.29
"turkey chicken chocolate",62,470.86
"Chinese MSG-free with potatoes",117,388.56
"turkey baked beans with pork with eggs",31,350.44
"Chinese baked mild beef with bacon",104,258.61
"beans with green beans",105,383.2
"Chinese refried delicious beef with gravy",74,373.34
"turkey baked mild beef with green beans",19,280.52
"shredded cookies pasta",51,21.52
"Chinese baked light pickled vegetables",66,379.76
"refried cheese breast light with eggs",41,433.99
"Chinese refried chicken breast with pickled vegetables",128,193.6
"Chinese beans with beef with green beans",122,210.17
"Chinese baked breast whole corn",85,228.67
"turkey cheese little pickled vegetables",7,143.43
"refried spicy chunky beef with eggs",52,109.17
"turkey cheese MSG-free light bacon",31,462.14
"shredded baked chunky pasta",123,103.02
"shredded spicy vegetables",14,417.94
"spicy cookies garbanzo beans",21,51.03
"spicy mild lasagna",127,121.02
"Chinese cheese chunky beef with gravy",40,247.19
"turkey MSG-free vegetables",97,370.18
"chicken breast light with rice",48,190.88
"turkey baked MSG-free pork gravy",43,361.64
"Chinese chicken beans with beef with pickled vegetables",11,231.79
"turkey cheese chunky little shredded mansion",105,182.87
"Chinese chicken chunky beans",68,110.83
"baked beans with whole corn",83,345.07
"cheese mild light bacon",63,47.88
"refried spicy cookies light green beans",16,286.69
"shredded spicy mild pasta",61,111.46
"Chinese spicy breast garbanzo beans",73,83.6
"chicken delicious with potatoes",116,368.58
"refried cookies light with eggs",60,198.33
"Chinese chicken delicious light bacon",3,420.6
"refried refried MSG-free with potatoes",56,207.78
"turkey refried little shredded mansion",114,171.87
"refried beans",39,170.59
"shredded mild beef with pickled vegetables",49,439.58
"shredded chicken pork with rice",114,365.61
"baked breast little pickled vegetables",115,3.08
"refried mild beef with green beans",40,426.62
"shredded MSG-free light pickled vegetables",70,191.57
"Chinese baked cookies with potatoes",81,47.39
"refried chunky drumsticks bacon",31,249.23
"Chinese chicken garbanzo beans",88,201.64
"turkey refried pasta",9,17.46
"shredded cheese cookies lasagna",50,197.91
"refried beef with bacon",84,447.53
"refried spicy delicious green beans",28,383.58
"turkey spicy beans with light with eggs",80,456.39
"Chinese chicken MSG-free light with rice",68,298.45
"refried refried beans with chocolate",52,131.77
"Chinese baked delicious light bacon",70,237.79
"shredded chicken beans with light bacon",42,343.6
"shredded refried light bacon",125,193.89
"turkey refried cookies with potatoes",24,438.28
"turkey baked MSG-free little shredded mansion",88,15.47
"refried chicken cookies light with rice",120,243.09
"turkey chunky lasagna",13,344.29
"cheese delicious pasta",26,289.79
"Chinese spicy cookies light with eggs",127,443.2
"baked delicious green beans",99,158.88
"refried light with rice",81,362.45
"chicken breast pork with rice",40,107.88
"refried cheese mild chocolate",98,228.15
"refried cheese light green beans",5,150.24
"Chinese baked chicken breast with eggs",18,89.34
"refried cheese cookies light with eggs",70,439.75
"Chinese little shredded mansion",66,268.61
"Chinese baked delicious pork with eggs",73,3.3
"Chinese chicken beans with chocolate",18,44.92
"Chinese spicy cookies pasta",1,303.51
"refried spicy cookies garbanzo beans",24,189.04
"Chinese spicy chunky garbanzo beans",76,52.54
"refried refried mild pasta",15,203.21
"Chinese cheese chunky pork with eggs",27,244.52
"turkey baked cookies little pickled vegetables",108,306.81
"refried refried beans with little with rice",38,159.45
"shredded cheese chunky pork with rice",31,286.01
"chicken breast light pickled vegetables",93,240.61
"shredded cookies little with eggs",18,104.26
"turkey cheese beans with pork gravy",1,165.09
"Chinese baked delicious nuggets",8,158.02
"shredded cheese cookies pork with rice",72,355.13
"Chinese spicy mild pork gravy",42,54.55
"refried baked MSG-free little with rice",123,350.41
"chicken light pickled vegetables",89,278.89
"chicken beans with whole corn",73,368.39
"turkey cheese MSG-free beef with green beans",43,83.16
"Chinese beef with gravy",80,162.29
"Chinese MSG-free with potatoes",52,393.1
"turkey chicken chunky little shredded mansion",57,427.74
"cheese delicious light pickled vegetables",114,223.62
"shredded cheese delicious pork with rice",20,8.82
"chicken breast nuggets",5,295.39
"Chinese cheese beans with nuggets",68,52.14
"Chinese spicy delicious pork with eggs",1,432.15
"Chinese chicken pasta",93,414.88
"shredded beans with light green beans",13,262.1
"shredded chicken delicious little shredded mansion",29,111.69
"spicy cookies green beans",28,377.3
"Chinese baked delicious lasagna",113,267.28
"Chinese cheese cookies pork with eggs",41,456.62
"refried beef with eggs",105,443.36
"Chinese refried mild little with eggs",95,58.78
"spicy pork with eggs",94,11.06
"Chinese chicken cookies light with rice",97,17.87
"shredded cheese delicious lasagna",74,256.25
"cookies beef with bacon",74,280.11
"Chinese chicken beans with pork with rice",91,126.77
"turkey refried cookies light with rice",2,244.77
"shredded chicken MSG-free beef with eggs",18,381.63
"refried chicken mild little with rice",84,199.88
"turkey delicious light pickled vegetables",94,329
"turkey baked chunky lasagna",90,401.06
"MSG-free pasta",34,175.96
"refried spicy mild pork with eggs",60,168.21
"Chinese chicken chunky garbanzo beans",3,185.28
"Chinese baked MSG-free beef with pickled vegetables",36,451.39
"cheese chunky pork with rice",123,371.08
"refried baked mild beef with eggs",22,145.8
"refried delicious garbanzo beans",92,283.58
"spicy lasagna",22,394.84
"turkey refried delicious light green beans",18,235.8
"Chinese chicken mild light with eggs",106,340.36
"Chinese baked delicious light with eggs",64,274.93
"Chinese cookies lasagna",62,341.55
"refried mild pasta",56,43.63
"shredded cheese MSG-free beef with eggs",66,429.65
"Chinese baked chunky beef with pickled vegetables",21,284.04
"spicy beans with beef with pickled vegetables",31,271.46
"refried refried cookies pork gravy",118,374.35
"turkey cheese delicious beef with gravy",10,258.5
"shredded baked chicken breast with pickled vegetables",125,350.21
"refried chicken beans with little with eggs",118,457.53
"refried spicy beans with beans",56,88.05
"Chinese cheese cookies light with eggs",77,369.34
"spicy chunky beef with pickled vegetables",58,203.24
"Chinese chicken vegetables",117,176.56
"refried refried cookies light green beans",27,89.27
"Chinese light with eggs",66,347.01
"Chinese spicy mild light pickled vegetables",121,431.57
"Chinese refried MSG-free light green beans",37,322.96
"refried cheese MSG-free whole corn",108,118.13
"cheese chunky chocolate",68,278.55
"shredded chicken breast green beans",12,471.64
"Chinese cheese beans with little with rice",104,109.59
"cheese beef with bacon",112,168.6
"spicy breast pork with eggs",65,109.81
"refried spicy chunky pork with eggs",122,102.54
"Chinese baked mild green beans",72,326.33
"refried beans with beef with pickled vegetables",96,473.91
"refried chicken MSG-free with potatoes",91,193.01
"Chinese refried mild pasta",116,51.78
"refried mild garbanzo beans",84,341.46
"shredded cheese mild nuggets",111,21.71
"refried cookies beef with pickled vegetables",90,302.08
"shredded chunky whole corn",25,79
"Chinese cheese beans with whole corn",101,408.79
"cheese MSG-free light bacon",15,253.92
"chicken breast with pickled vegetables",8,209.87
"shredded refried delicious light green beans",19,101.54
"turkey spicy pork with rice",67,324.01
"Chinese cheese chunky beans",57,213.21
"Chinese refried MSG-free beef with green beans",24,248.85
"refried spicy chicken breast with gravy",108,288.11
"refried beef with bacon",63,190.36
"Chinese spicy cookies little with eggs",94,168.7
"Chinese spicy mild pork with eggs",126,401.73
"Chinese MSG-free beef with green beans",84,310.37
"Chinese cheese mild pork gravy",106,258.67
"turkey spicy delicious chocolate",49,59.4
"shredded chicken breast light with rice",111,278.21
"shredded chunky little shredded mansion",41,386.74
"turkey spicy MSG-free whole corn",102,173.8
"shredded cheese breast light pickled vegetables",118,415.93
"Chinese baked beans with little shredded mansion",18,453.13
"Chinese spicy beans with beans",34,260.93
"turkey baked MSG-free garbanzo beans",70,108.1
"refried delicious little pickled vegetables",18,351.74
"Chinese baked chocolate cookies",35,444.42
"turkey cheese breast lasagna",52,1.31
"cheese mild lasagna",10,155.55
"Chinese cheese mild pasta",65,419.42
"baked delicious lasagna",24,325.38
"spicy beans with garbanzo beans",111,32.99
"Chinese spicy beans with beef with pickled vegetables",2,132.81
"baked breast lasagna",90,210.61
"Chinese chicken chicken breast with gravy",60,237.37
"shredded refried lasagna",113,149.57
"Chinese spicy cookies beef with gravy",91,207
"Chinese spicy cookies beans",83,184.46
"Chinese chicken breast green beans",116,302.61
"refried refried mild vegetables",92,247.86
"refried cheese mild beef with eggs",59,108.88
"refried beans with light with eggs",51,271.45
"Chinese spicy beans with light bacon",54,346.8
"Chinese MSG-free light bacon",12,366.47
"shredded cheese beef with pickled vegetables",34,165.06
"chicken delicious chocolate",8,158.82
"shredded baked breast whole corn",10,317.26
"Chinese cheese breast light pickled vegetables",30,335.5
"shredded spicy chunky beans",35,277.91
"refried cheese chicken breast with gravy",81,420.14
"Chinese MSG-free nuggets",83,388.8
"Chinese chicken beans with green beans",54,355.53
"shredded spicy chicken breast with bacon",17,58.94
"shredded spicy MSG-free whole corn",92,476.62
"chicken delicious pasta",49,257.79
"Chinese chicken MSG-free green beans",126,48.45
"Chinese cheese little with eggs",97,314.37
"Chinese refried mild chocolate",33,40.92
"chicken MSG-free beef with green beans",115,32.3
"baked beans with little with eggs",26,257.27
"Chinese baked cookies nuggets",44,396.63
"spicy breast little pickled vegetables",86,455.86
"shredded cheese cookies vegetables",76,64.79
"baked mild light bacon",46,246.74
"refried MSG-free pork with eggs",118,180.97
"refried spicy little shredded mansion",125,314.14
"Chinese cheese beans with little with eggs",5,123.7
"Chinese refried lasagna",29,284.5
"refried spicy cookies pork with eggs",72,252.4
"refried pork with rice",42,458.08
"Chinese refried cookies light bacon",29,394.52
"shredded chicken delicious garbanzo beans",111,390.11
"turkey beans with pasta",21,111.75
"Chinese breast green beans",93,418.11
"cheese mild beans",27,77.82
"cheese chunky little with eggs",80,374.44
"baked cookies vegetables",20,200.21
"chicken chunky drumsticks pickled vegetables",116,255.99
"Chinese baked MSG-free pasta",5,219.9
"refried chicken delicious little with rice",11,211
"shredded spicy MSG-free little with eggs",72,449.81
"refried spicy cookies beef with bacon",65,389.69
"spicy breast chocolate",99,40.54
"Chinese chunky beef with eggs",10,206.28
"beans with beef with bacon",3,261.54
"Chinese cheese beans with nuggets",2,431.25
"shredded spicy breast pork with eggs",82,342.96
"shredded cheese MSG-free garbanzo beans",21,98.12
"shredded baked cookies pasta",113,319.95
"refried cookies pork with rice",35,71.72
"Chinese chicken beans with light with eggs",104,80.37
"turkey cheese MSG-free with potatoes",54,74.44
"Chinese cheese delicious nuggets",45,327.61
"shredded chicken delicious pork gravy",10,144.43
"cheese beans with beans",123,277.59
"turkey chicken breast little with rice",67,69.62
"turkey baked MSG-free chocolate",34,253.09
"shredded cheese chicken breast with gravy",68,420.84
"Chinese spicy mild green beans",51,363.94
"Chinese baked MSG-free beef with gravy",75,5.43
"baked lasagna",52,116.12
"Chinese baked chunky drumsticks bacon",126,371.09
"turkey spicy chunky garbanzo beans",34,354.51
"refried cheese mild little with eggs",7,106.21
"shredded refried delicious pork with rice",32,133.34
"chicken MSG-free beans",62,59.61
"refried cheese beans with beef with bacon",56,211.39
"Chinese chicken mild beans",32,378.89
"Chinese cookies lasagna",119,258.83
"refried light pickled vegetables",96,24.22
"Chinese spicy MSG-free light with eggs",100,239.64
"shredded cheese chunky drumsticks pickled vegetables",70,308.24
"Chinese cheese cookies pork with rice",124,53.3
"Chinese spicy delicious little with eggs",120,52.22
"Chinese chicken delicious beef with gravy",35,106.65
"shredded chicken chunky green beans",31,427.99
"shredded refried MSG-free beans",52,380.63
"refried chicken vegetables",46,442.49
"Chinese spicy delicious beef with eggs",95,256.72
"Chinese chicken beans with beef with bacon",90,415.08
"cheese cookies beef with gravy",15,57.88
"refried baked chunky little with rice",26,448.25
"Chinese baked MSG-free little shredded mansion",90,96.21
"Chinese mild with potatoes",64,221.18
"cheese MSG-free light green beans",57,415.31
"Chinese baked cookies vegetables",72,439.96
"Chinese spicy MSG-free beef with green beans",60,304.67
"refried refried chunky with potatoes",122,364.95
"refried cheese chunky vegetables",2,231.78
"refried chicken MSG-free light pickled vegetables",111,401.56
"turkey cheese chunky pork gravy",25,106.55
"turkey refried cookies little pickled vegetables",27,414.18
"Chinese baked cookies little pickled vegetables",20,324.85
"shredded refried mild pork with rice",44,224.55
"shredded refried cookies little shredded mansion",122,413.56
"Chinese cheese chunky beef with green beans",48,83.54
"baked delicious light with eggs",114,183.68
"Chinese spicy delicious light with eggs",9,402.36
"shredded baked mild with potatoes",78,211.86
"turkey cheese delicious beef with pickled vegetables",6,435.95
"refried baked beans with beef with eggs",89,415.51
"shredded cheese beans with light bacon",1,57.37
"chicken mild lasagna",18,391.8
"Chinese spicy delicious lasagna",51,458.06
"turkey chicken cookies whole corn",58,307.14
"Chinese spicy breast pork with eggs",115,151.77
"cheese chicken breast with eggs",24,172.7
"delicious beef with pickled vegetables",116,446.32
"shredded cookies nuggets",21,4.63
"Chinese refried mild beef with gravy",46,119.42
"Chinese chicken delicious pork with rice",34,120.45
"turkey spicy beans with beef with green beans",52,381.17
"shredded cheese breast light with eggs",63,177.14
"Chinese MSG-free beef with bacon",35,72.95
"Chinese chicken breast light with eggs",93,161.98
"Chinese refried beans with nuggets",70,388.12
"shredded cheese green beans",113,371.24
"cheese chunky garbanzo beans",88,36.91
"turkey mild beef with gravy",11,391.86
"shredded refried delicious pork gravy",106,287.4
"Chinese spicy delicious light green beans",70,310.79
"Chinese delicious garbanzo beans",32,461.68
"shredded refried chunky drumsticks with eggs",77,419.94
"turkey baked chunky chocolate",2,156.33
"refried delicious pork with rice",63,289.75
"turkey cheese green beans",26,1.35
"turkey chunky beef with bacon",60,27.09
"Chinese mild beef with gravy",11,330.4
"spicy breast little with eggs",74,170.87
"shredded baked chunky beef with eggs",111,259.54
"refried MSG-free pork with rice",109,182.96
"turkey delicious green beans",101,81.97
"vegetables",55,204.67
"shredded cheese delicious pork gravy",73,116.5
"Chinese baked chicken breast with gravy",107,357.76
"refried chicken beans with whole corn",96,32.48
"chicken beef with bacon",99,473.78
"Chinese cheese breast lasagna",43,192.12
"Chinese cookies beef with pickled vegetables",2,122.07
"turkey spicy cookies green beans",77,135.36
"turkey refried MSG-free beef with gravy",86,312.81
"Chinese refried cookies light with rice",26,464.61
"refried beans with nuggets",13,190.02
"refried spicy breast pork with eggs",78,117.91
"refried cheese cookies beef with green beans",52,251.2
"turkey baked cookies pork with rice",106,47.15
"refried chicken MSG-free nuggets",29,78.64
"baked delicious with potatoes",116,400
"refried cheese light with eggs",93,29.38
"Chinese breast light bacon",97,450.02
"refried chunky beef with gravy",49,2.73
"turkey baked breast pasta",18,296.13
"Chinese refried light green beans",28,57.3
"refried chicken with potatoes",118,168.91
"Chinese beef with bacon",108,420.03
"turkey spicy mild light with eggs",94,114.13
"shredded cheese vegetables",113,361.08
"Chinese cheese breast vegetables",51,203.21
"refried spicy delicious beef with bacon",56,319.28
"refried spicy cookies pasta",128,67.99
"refried cheese with potatoes",24,457.43
"refried baked breast pork gravy",111,90.82
"Chinese spicy mild pork with rice",52,44.32
"turkey cheese light green beans",114,129.52
"refried baked mild beef with bacon",21,124.09
"Chinese refried beef with green beans",121,387.89
"Chinese chicken chunky beef with eggs",99,147.07
"turkey mild pork with eggs",65,427.52
"refried baked beans with beef with green beans",34,441.49
"turkey baked beans with lasagna",54,459.03
"turkey refried beans with beef with green beans",102,233.9
"Chinese mild light bacon",25,69.28
"MSG-free light with eggs",125,395.98
"turkey chicken cookies beef with gravy",7,454.65
"refried spicy beans with whole corn",8,377.37
"chicken beef with pickled vegetables",7,271.86
"chicken beans with light pickled vegetables",54,306.46
"Chinese spicy MSG-free nuggets",24,277.14
"cheese breast beans",38,335.82
"Chinese chicken mild pork gravy",50,219.2
"Chinese beans with little with eggs",30,305.58
"Chinese spicy MSG-free green beans",50,462.88
"refried refried light bacon",5,425.93
"Chinese spicy mild beef with eggs",69,341.72
"cookies pork gravy",18,56.95
"refried mild beef with bacon",44,199.55
"turkey chicken delicious green beans",73,325.16
"shredded cheese breast vegetables",51,212.4
"refried refried mild garbanzo beans",82,104.99
"Chinese beans with little with eggs",45,247.19
"shredded baked mild pork with rice",32,337.37
"refried spicy beans with light with rice",13,12.33
"Chinese cheese delicious pork with rice",93,214.9
"Chinese cheese breast pasta",87,122.37
"refried cheese cookies nuggets",97,130.28
"refried light bacon",90,251.51
"Chinese cheese breast little with rice",60,468.84
"refried chunky beef with bacon",100,192.57
"Chinese light bacon",124,65.31
"Chinese baked delicious vegetables",105,45.78
"turkey baked cookies lasagna",31,125.97
"turkey refried light green beans",51,419.08
"refried chicken beans with pork with eggs",40,303.23
"Chinese mild pasta",126,362.75
"turkey baked breast light pickled vegetables",93,141.68
"Chinese spicy chicken breast with gravy",40,270.68
"Chinese cheese chunky pork with rice",66,102.7
"Chinese cheese breast light bacon",85,123.47
"refried beans with green beans",24,370.79
"turkey refried chunky little pickled vegetables",110,127.18
"shredded baked beans with little pickled vegetables",73,93.65
"shredded delicious little pickled vegetables",94,255
"Chinese chicken delicious pasta",34,236.51
"Chinese chicken breast light bacon",96,133.35
"refried chicken mild light pickled vegetables",15,351.72
"Chinese beans with light green beans",30,139.68
"turkey cheese MSG-free lasagna",51,19.4
"turkey pork with rice",43,172.89
"Chinese chicken mild whole corn",69,50.41
"turkey MSG-free garbanzo beans",51,24.81
"turkey cheese beans with light with rice",47,251.76
"Chinese mild with potatoes",48,274.81
"refried delicious light green beans",77,39.31
"cheese breast light bacon",70,366.4
"Chinese refried pork with rice",112,66.77
"spicy delicious green beans",32,460.99
"turkey baked MSG-free light green beans",46,206.91
"refried cookies light pickled vegetables",103,5.1
"turkey chicken breast pasta",69,20.11
"shredded baked breast light green beans",18,105.58
"Chinese spicy chunky green beans",18,158.67
"refried beans with light bacon",115,154
"turkey spicy chunky lasagna",82,182.17
"turkey delicious green beans",90,299.13
"Chinese chicken mild light pickled vegetables",42,188.02
"Chinese MSG-free pork gravy",29,281.39
"turkey chicken mild light bacon",124,254.71
"shredded chicken light bacon",97,357.57
"turkey chunky pasta",90,311.36
"breast lasagna",26,395.7
"Chinese chicken mild little shredded mansion",18,391.97
"shredded spicy chunky drumsticks with eggs",50,371.04
"Chinese chicken little shredded mansion",50,107.48
"refried mild green beans",56,322.34
"refried baked delicious beef with pickled vegetables",125,62.69
"turkey mild pork with rice",18,120.59
"turkey spicy delicious light bacon",78,50.98
"shredded refried light green beans",86,453.21
"cookies little pickled vegetables",58,118.8
"refried refried pork with eggs",122,252.63
"turkey refried mild nuggets",88,87.26
"chicken breast pasta",91,387.45
"Chinese MSG-free beef with green beans",30,234.21
"refried cheese beans with beef with pickled vegetables",1,428.8
"delicious light with rice",91,15.97
"Chinese cheese mild beef with bacon",88,252.52
"turkey spicy mild light bacon",116,161.45
"Chinese chicken cookies light with eggs",59,351.61
"Chinese breast light pickled vegetables",61,364.96
"Chinese baked chunky drumsticks with rice",34,119.09
"turkey spicy mild vegetables",94,58.77
"Chinese spicy MSG-free beef with eggs",37,69.76
"turkey refried little shredded mansion",19,95.65
"Chinese cheese MSG-free pasta",94,165.86
"turkey cheese breast light pickled vegetables",43,153.09
"Chinese baked cookies green beans",24,383.61
"shredded chicken MSG-free nuggets",75,176.57
"refried cheese breast beans",25,380.21
"shredded spicy delicious lasagna",20,104.44
"Chinese chicken beans with lasagna",102,40.53
"mild light with rice",75,129.05
"shredded spicy delicious little with rice",13,303.96
"Chinese chicken mild vegetables",50,24.05
"Chinese beans with beef with pickled vegetables",83,26.35
"refried baked MSG-free little pickled vegetables",5,404.63
"turkey refried delicious light bacon",61,64.07
"turkey breast green beans",87,91.58
"Chinese cheese cookies light pickled vegetables",18,471.63
"spicy beans with beef with green beans",47,325.55
"refried nuggets",53,174.52
"refried cookies pasta",122,332.22
"cheese mild light with rice",27,449.48
"Chinese chunky little shredded mansion",5,54.58
"Chinese beef with bacon",105,394.21
"shredded baked delicious little with eggs",28,199.31
"Chinese spicy beans with pork with eggs",35,234.93
"chicken beans with beef with pickled vegetables",27,243.81
"Chinese spicy delicious beans",118,106.37
"Chinese baked little with eggs",17,328.7
"chicken beans with pork with rice",109,226.29
"Chinese cheese chunky whole corn",89,287.92
"turkey refried beans with light green beans",112,406.61
"Chinese baked beans with pasta",65,426.31
"baked beans with green beans",56,39.55
"turkey spicy MSG-free little pickled vegetables",61,195.37
"shredded cheese MSG-free light with eggs",78,163.26
"Chinese breast beans",79,442.1
"Chinese cheese delicious pork gravy",69,141.27
"baked MSG-free beef with bacon",91,141.29
"Chinese cheese breast nuggets",55,336.77
"Chinese spicy cookies whole corn",63,400.15
"Chinese baked breast chocolate",51,415.76
"baked beans with little with rice",95,287.51
"refried baked cookies beef with gravy",54,102.17
"shredded cookies whole corn",113,99.32
"refried spicy delicious nuggets",57,89.8
"spicy beef with bacon",33,269.76
"refried baked delicious lasagna",39,287.92
"Chinese cheese mild beans",97,68.53
"baked breast light green beans",11,318.36
"shredded chicken beans with vegetables",23,231.97
"turkey cheese beans with little with rice",81,475.11
"turkey refried mild pasta",70,467.77
"Chinese cheese MSG-free light pickled vegetables",10,14.85
"refried baked beef with eggs",106,203.73
"chicken beans with beans",71,253.72
"Chinese with potatoes",49,77.59
"turkey chicken breast with green beans",35,243.1
"refried baked beef with pickled vegetables",118,439.66
"refried cheese beans with light bacon",16,278.2
"turkey refried with potatoes",29,256.59
"refried chicken mild beef with pickled vegetables",15,66.47
"Chinese baked cookies beef with pickled vegetables",117,155.3
"refried chicken breast light bacon",10,77
"shredded refried beans with lasagna",116,236.93
"shredded chicken delicious little with rice",66,13.49
"turkey refried chunky little with rice",46,93.88
"shredded MSG-free pasta",64,224.7
"shredded cheese chunky pasta",56,77.99
"Chinese chicken delicious light pickled vegetables",1,114.58
"shredded chicken cookies beans",37,295.86
"refried cheese vegetables",75,329.35
"MSG-free pork gravy",128,366.02
"refried refried mild light with eggs",119,312.89
"Chinese spicy beans with beef with gravy",68,161.48
"Chinese cookies garbanzo beans",56,345.69
"shredded chicken delicious light pickled vegetables",9,320.89
"shredded refried green beans",107,421.68
"Chinese refried light green beans",98,259.4
"shredded refried MSG-free little with eggs",98,358.36
"turkey beans with beef with bacon",122,55.67
"refried cheese whole corn",70,132.24
"turkey delicious pork gravy",42,309.17
"refried refried beans with green beans",49,232.75
"Chinese chicken cookies beef with gravy",88,119.36
"shredded cheese breast beans",10,267.67
"delicious light bacon",58,440.89
"Chinese cheese MSG-free little pickled vegetables",27,127.73
"Chinese baked mild little with eggs",46,140.87
"shredded baked chicken breast with bacon",95,101.63
"refried cheese cookies with potatoes",34,260.49
"Chinese refried chunky pasta",28,291.71
"refried spicy cookies lasagna",118,86.92
"Chinese baked chunky with potatoes",52,243.78
"turkey delicious vegetables",124,162.59
"turkey baked green beans",8,48.53
"Chinese cheese cookies beans",43,277.48
"Chinese baked breast light bacon",28,241.14
"refried chocolate cookies",43,325.09
"baked cookies pork with eggs",15,250.64
"turkey breast light green beans",98,80.07
"turkey baked cookies pasta",98,347.17
"refried baked cookies nuggets",82,91.78
"refried cheese breast little with eggs",3,107.44
"Chinese spicy chunky with potatoes",89,130.77
"Chinese cheese cookies pork with rice",99,341.75
"shredded MSG-free light with rice",46,446.69
"shredded baked green beans",5,130.04
"Chinese mild beef with eggs",24,61.02
"refried mild vegetables",54,115.02
"refried chicken beans with little shredded mansion",80,246.51
"turkey little with eggs",127,7.96
"Chinese spicy chunky pork with rice",98,412.5
"turkey mild light green beans",94,431.16
"Chinese chicken delicious beef with pickled vegetables",96,104.18
"shredded baked mild little with rice",49,157.14
"refried refried delicious beef with eggs",98,13.22
"refried pork with eggs",73,86.53
"Chinese cheese little pickled vegetables",109,207.44
"shredded baked MSG-free beef with gravy",108,248.55
"turkey chicken mild beef with bacon",23,213.86
"shredded chicken MSG-free chocolate",48,365.37
"shredded cheese chocolate",119,169.89
"refried spicy chicken breast with pickled vegetables",3,127.02
"turkey spicy mild beef with bacon",78,208.04
"cheese beef with eggs",111,135.02
"refried spicy breast pork with rice",72,185.57
"cheese beans with little shredded mansion",75,450.7
"refried MSG-free light green beans",119,136.64
"refried delicious beef with eggs",121,194.15
"refried baked chicken breast with bacon",93,14.88
"refried chicken chicken breast with eggs",79,395.49
"Chinese refried whole corn",8,40.95
"turkey cheese MSG-free light pickled vegetables",9,279.08
"Chinese chicken delicious little with eggs",33,4.6
"chicken mild beef with eggs",52,315.39
"baked mild pork with eggs",42,438.44
"Chinese chicken beef with bacon",37,171.8
"Chinese spicy beans with beef with pickled vegetables",67,234.89
"Chinese mild light with rice",2,437.98
"refried chicken breast lasagna",48,458.11
"shredded chicken beans with pork with eggs",113,212.96
"turkey breast little shredded mansion",15,310.45
"refried lasagna",92,63.76
"Chinese cheese chocolate",43,273.34
"Chinese spicy cookies light pickled vegetables",86,459.1
"cheese delicious lasagna",107,22.28
"chicken lasagna",107,83.88
"refried baked beans with little shredded mansion",59,237.96
"Chinese chicken mild beans",33,374.02
"refried spicy beans with light with eggs",100,182.27
"refried cheese delicious with potatoes",73,305.28
"baked mild with potatoes",124,280.06
"shredded mild light pickled vegetables",91,132.74
"refried cheese MSG-free light with rice",79,389.04
"cheese delicious nuggets",33,405.76
"Chinese refried delicious light bacon",126,47.34
"Chinese cheese beans with pasta",56,283.47
"Chinese cookies light green beans",40,81.18
"Chinese baked chunky beef with green beans",58,66.92
"refried refried beans with garbanzo beans",23,368.59
"Chinese refried chunky nuggets",46,161.44
"spicy beans with beef with eggs",71,195.6
"shredded cheese breast little with eggs",48,140.94
"baked delicious beef with eggs",105,469.07
"Chinese baked chicken breast with pickled vegetables",98,119.58
"turkey spicy delicious light with eggs",38,401.77
"Chinese refried mild vegetables",104,297.9
"turkey baked mild green beans",44,66.76
"refried baked chunky drumsticks with rice",105,148.93
"shredded baked cookies beef with pickled vegetables",19,62.1
"turkey spicy chunky beef with bacon",96,248.41
"refried mild lasagna",16,358.75
"cheese breast light with eggs",45,308.33
"cheese MSG-free green beans",18,78.66
"shredded baked MSG-free beef with bacon",20,438.11
"spicy mild with potatoes",76,52.81
"turkey chicken beans with green beans",99,209.53
"shredded chicken MSG-free beans",93,53.11
"refried baked cookies vegetables",15,85.48
"shredded spicy beans with little pickled vegetables",52,337.99
"Chinese spicy chocolate",93,186.78
"shredded refried delicious chocolate",108,271.93
"Chinese cheese breast pork with eggs",5,154.9
"baked MSG-free beans",19,92.81
"Chinese chicken delicious green beans",121,374.41
"Chinese cheese cookies little pickled vegetables",61,8.66
"Chinese chicken chicken breast with green beans",36,70.27
"turkey baked light pickled vegetables",39,88.07
"shredded refried cookies pasta",14,263.69
"refried cheese breast green beans",39,87.86
"cookies lasagna",81,384.57
"shredded spicy mild little with eggs",73,357.06
"refried refried green beans",47,257.59
"refried little with eggs",82,178.98
"Chinese spicy chunky whole corn",61,17.18
"turkey cheese delicious chocolate",79,3.41
"shredded cookies beef with bacon",27,31.02
"refried cheese delicious chocolate",88,311.82
"turkey refried cookies little with rice",53,122.28
"shredded chicken chunky little with eggs",58,69.45
"refried refried MSG-free green beans",60,189.05
"cheese mild beef with gravy",42,87.91
"shredded chunky beef with eggs",1,60.94
"Chinese cheese cookies little with eggs",16,321.88
"shredded spicy chunky vegetables",12,41.82
"Chinese spicy delicious beans",43,304.96
"refried chunky beef with pickled vegetables",22,140.3
"Chinese chicken beans with garbanzo beans",32,207.52
"shredded chicken delicious vegetables",37,43.15
"shredded chicken delicious nuggets",42,392.81
"turkey cheese mild light pickled vegetables",38,457.06
"refried refried mild light green beans",15,434.23
"turkey refried pork with eggs",66,103.63
"turkey cheese delicious green beans",115,318.72
"shredded cheese beans with pork with eggs",1,285.53
"refried cheese mild nuggets",48,422.04
"baked breast nuggets",24,197.24
"Chinese refried beans with little shredded mansion",4,321.7
"baked beef with green beans",69,2.53
"Chinese chunky pork with rice",69,120.66
"Chinese chicken MSG-free little with eggs",21,0.42
"refried mild pork with rice",96,177.73
"shredded spicy breast little shredded mansion",121,452.68
"spicy cookies pork with rice",123,251.02
"turkey beef with gravy",53,294.18
"chicken cookies little pickled vegetables",93,273.12
"turkey cookies green beans",76,188.96
"Chinese chicken cookies light with eggs",69,444.19
"Chinese chicken green beans",83,417.61
"refried refried with potatoes",100,73.3
"turkey spicy beans with light with rice",18,127.9
"Chinese spicy delicious vegetables",119,418.59
"shredded refried cookies little pickled vegetables",54,380.56
"refried cheese mild light with rice",117,345.75
"turkey spicy lasagna",65,393.22
"turkey mild little with eggs",47,298.48
"Chinese cookies beef with pickled vegetables",114,358.32
"baked beans with pasta",103,383.51
"refried cookies green beans",44,283.78
"refried chicken beans with nuggets",19,402.65
"turkey baked mild garbanzo beans",4,321.6
"shredded baked MSG-free light bacon",58,427.88
"Chinese refried MSG-free beef with bacon",115,311.09
"Chinese chicken beans with beans",19,165.96
"refried chicken cookies with potatoes",109,70.52
"spicy chunky chocolate",56,303.92
"Chinese cheese chunky beef with pickled vegetables",104,363.43
"Chinese chicken chunky chocolate",41,261.42
"Chinese delicious pork gravy",54,8.21
"refried spicy chunky drumsticks pickled vegetables",33,34.15
"Chinese cheese delicious beef with green beans",22,54.25
"turkey chunky little with rice",6,381.56
"turkey cheese mild lasagna",23,259.28
"cheese mild with potatoes",112,228.95
"Chinese refried MSG-free pork gravy",15,10.28
"Chinese refried beef with gravy",108,369.67
"refried chicken breast little with rice",76,139.04
"turkey light green beans",43,31.75
"refried chunky pork gravy",65,105.46
"refried beans with light pickled vegetables",104,469.01
"refried mild light pickled vegetables",82,375.75
"Chinese refried chunky little pickled vegetables",45,325.42
"refried spicy beans with little with rice",32,373.19
"shredded cheese light with eggs",103,97.94
"spicy breast whole corn",39,399.85
"delicious pork with eggs",20,26.11
"shredded cheese MSG-free lasagna",41,96.99
"breast light with rice",38,449.35
"refried cheese chocolate cookies",115,79.9
"Chinese refried MSG-free beef with gravy",13,440.03
"beans with lasagna",35,320.54
"turkey MSG-free with potatoes",79,85.16
"cheese chunky beans",77,45.3
"cheese chunky drumsticks pickled vegetables",23,137
"cheese mild pork gravy",28,193.38
"Chinese baked mild pasta",66,115.69
"refried chicken chunky little pickled vegetables",50,288.71
"shredded spicy cookies with potatoes",55,296.72
"Chinese breast light green beans",5,168.03
"cheese mild beef with eggs",74,118.33
"breast pork gravy",73,111.82
"shredded baked delicious with potatoes",46,86.34
"turkey mild pork gravy",42,462.9
"turkey chicken beans with little with eggs",50,343.38
"turkey cheese mild vegetables",110,370.44
"refried green beans",108,361.89
"breast pork with eggs",80,283.5
"shredded breast little with eggs",60,35.7
"refried delicious pork gravy",84,382.92
"Chinese baked green beans",58,444.53
"Chinese spicy light pickled vegetables",59,377.39
"Chinese delicious beef with gravy",119,333.53
"turkey cheese beans with green beans",113,190.52
"refried refried mild little pickled vegetables",98,147.87
"cheese MSG-free pasta",56,398.94
"refried baked cookies whole corn",117,302.33
"spicy beans with pork with rice",116,419.34
"shredded vegetables",105,430.02
"Chinese chicken breast pasta",41,75.55
"shredded baked delicious light with eggs",10,42.5
"turkey baked chunky drumsticks with rice",122,71.14
"turkey spicy cookies pasta",105,165.53
"Chinese chicken chunky pork gravy",73,366.54
"refried delicious vegetables",79,354.54
"turkey baked breast light with eggs",17,175.58
"cheese mild little pickled vegetables",34,366.14
"turkey chicken beans with beef with pickled vegetables",95,344.54
"refried chicken breast light with rice",107,436.63
"refried baked pork with eggs",113,371.39
"turkey spicy MSG-free pork with eggs",97,368.24
"shredded cheese chunky little with rice",27,153.66
"turkey baked chunky green beans",28,90.66
"Chinese cheese mild little pickled vegetables",79,378.69
"shredded spicy beans with beef with gravy",72,41.69
"Chinese refried cookies pork with rice",63,121.06
"spicy beans with beef with bacon",29,351.86
"refried refried delicious beef with gravy",18,244.33
"Chinese refried little with rice",46,289.65
"cheese mild beef with pickled vegetables",42,11.68
"shredded refried beef with pickled vegetables",8,108.51
"refried cheese pork with eggs",102,75.77
"chicken cookies nuggets",31,381.39
"spicy delicious pasta",61,356.69
"Chinese spicy beef with eggs",85,459.64
"spicy little with eggs",83,219.54
"chicken MSG-free light bacon",34,339.27
"shredded chicken beef with gravy",11,461.22
"Chinese spicy mild pork gravy",84,163.54
"Chinese cheese delicious light green beans",80,324.55
"Chinese baked MSG-free beef with bacon",29,200.75
"refried mild little with rice",34,88.31
"chunky little with eggs",36,350.55
"shredded refried delicious pork with eggs",83,279.56
"shredded cheese delicious beef with eggs",92,406.66
"turkey beans with beans",106,143.39
"turkey beans with garbanzo beans",51,31.68
"shredded refried chicken breast with green beans",76,174.13
"beef with green beans",23,378.09
"Chinese baked pasta",52,23.13
"turkey baked breast little shredded mansion",60,60.16
"Chinese refried beans with lasagna",1,18.09
"refried delicious pork with eggs",123,329.8
"turkey chunky drumsticks green beans",8,397.77
"refried chicken delicious garbanzo beans",70,27.46
"refried cheese beans with pasta",35,255.33
"Chinese cheese chunky green beans",49,264.03
"Chinese chicken mild nuggets",10,366.03
"refried mild beef with eggs",87,192.71
"turkey chicken delicious with potatoes",5,441.82
"Chinese baked mild light with eggs",108,349.05
"Chinese spicy beans with pork with rice",52,155.51
"turkey chicken mild lasagna",109,300.11
"shredded spicy MSG-free light with rice",119,206.95
"Chinese MSG-free little pickled vegetables",7,358
"turkey spicy mild beans",60,271.81
"Chinese chicken beans with beef with green beans",109,205
"shredded chicken cookies little with rice",119,143.38
"turkey cheese cookies light with rice",113,140.84
"spicy cookies little shredded mansion",57,429.57
"shredded MSG-free beef with pickled vegetables",37,358.85
"refried baked pork with rice",113,268.56
"Chinese refried mild garbanzo beans",22,281.04
"shredded chunky green beans",4,475.26
"baked cookies nuggets",18,105.71
"refried baked MSG-free pork with eggs",125,313.87
"Chinese baked mild pork gravy",104,221.89
"Chinese cheese light pickled vegetables",20,72.13
"Chinese cheese mild beans",116,272.6
"turkey baked delicious beef with bacon",55,411.53
"Chinese cheese MSG-free whole corn",48,163.84
"refried spicy green beans",90,234.41
"spicy delicious beef with bacon",107,162.27
"beans with pork with eggs",41,399.97
"Chinese chicken breast pork gravy",104,373.06
"Chinese refried chocolate",72,123.73
"turkey mild whole corn",115,22.38
"refried cheese delicious light with rice",21,394.47
"Chinese cheese cookies lasagna",53,287.89
"turkey baked MSG-free little pickled vegetables",28,428.72
"baked cookies beef with eggs",47,230.14
"Chinese cheese MSG-free light green beans",59,383.58
"baked cookies pork with rice",94,168.64
"shredded spicy cookies beans",51,22.68
"refried baked MSG-free little shredded mansion",95,370.35
"Chinese baked delicious light pickled vegetables",61,467.05
"Chinese spicy mild beans",24,252.04
"Chinese spicy MSG-free vegetables",14,247.83
"Chinese baked mild beef with gravy",76,58.06
"Chinese beans with vegetables",36,237.31
"shredded spicy delicious pork with eggs",22,358.57
"turkey baked chunky beef with eggs",5,302.16
"turkey refried chunky drumsticks green beans",89,274.13
"Chinese refried delicious beef with pickled vegetables",118,314.5
"turkey baked MSG-free beef with pickled vegetables",2,141.68
"shredded baked chunky nuggets",1,361.53
"Chinese baked mild with potatoes",10,319.55
"shredded breast vegetables",93,151.9
"baked mild beef with green beans",11,150.44
"refried chunky little pickled vegetables",19,292.54
"refried refried pork with rice",15,66.79
"Chinese chicken cookies vegetables",86,221.25
"turkey spicy beef with pickled vegetables",119,97.92
"Chinese cheese delicious little with eggs",55,458.07
"shredded baked beef with green beans",55,44.95
"turkey baked cookies light with rice",93,449.45
"shredded chicken delicious with potatoes",40,202.94
"refried cheese breast nuggets",76,14.76
"Chinese cheese breast garbanzo beans",112,229.61
"refried cheese cookies garbanzo beans",113,227.68
"shredded refried light with rice",116,144.94
"Chinese cheese beans with garbanzo beans",24,311.79
"spicy chunky drumsticks green beans",40,78.14
"refried cheese chunky pasta",52,167.31
"Chinese baked mild light green beans",99,121.14
"refried refried cookies little with rice",38,385.37
"spicy chocolate cookies",118,270.82
"refried chicken beans with with potatoes",60,94.74
"MSG-free beef with pickled vegetables",105,220.62
"refried baked beans with beans",58,207.14
"cheese chocolate cookies",41,21.2
"shredded baked chunky beef with pickled vegetables",107,323.41
"shredded chicken delicious lasagna",14,351.61
"lasagna",106,325.13
"refried delicious little with rice",128,310.04
"turkey chicken beef with pickled vegetables",104,100.23
"beans with beans",98,402.66
"Chinese spicy breast little with eggs",89,403.56
"Chinese refried beans with little with rice",106,29.62
"shredded chicken breast light bacon",121,429.78
"Chinese spicy delicious vegetables",74,29.43
"turkey refried beans with little shredded mansion",104,161.76
"Chinese baked breast pasta",29,297.96
"turkey nuggets",77,372.07
"refried spicy mild vegetables",122,116.91
"shredded pasta",118,188.89
"refried spicy MSG-free light bacon",17,428.83
"turkey baked beans",98,159.19
"shredded whole corn",126,177.06
"chocolate",1,33.04
"Chinese chocolate cookies",5,207.22
"Chinese cheese chunky pork with eggs",91,461.86
"turkey baked delicious pasta",56,224.94
"turkey baked mild little with rice",2,262.94
"turkey MSG-free little pickled vegetables",101,360.97
"refried delicious light bacon",19,298.05
"shredded baked MSG-free vegetables",15,7.73
"turkey green beans",68,95.51
"cheese chunky pork gravy",88,122.08
"refried chicken chunky little with rice",81,297.4
"Chinese baked mild pork with rice",59,341.66
"refried baked mild beef with gravy",53,468.59
"Chinese baked breast little shredded mansion",118,452.89
"shredded refried beans",69,386.62
"Chinese baked mild pork with eggs",104,322.1
"turkey baked delicious beef with eggs",105,81.23
"mild pork with eggs",27,278.7
"Chinese chunky whole corn",86,269.6
"shredded breast with potatoes",127,242.39
"Chinese baked chunky nuggets",75,162.05
"refried chicken MSG-free beans",54,185.89
"Chinese baked beans with pork with eggs",43,284.5
"baked delicious vegetables",55,272.73
"Chinese refried mild light green beans",84,8.6
"Chinese spicy chunky vegetables",121,465.95
"Chinese spicy MSG-free green beans",23,314.34
"shredded cheese breast garbanzo beans",121,352.15
"turkey baked cookies beef with green beans",55,390.49
"Chinese refried mild vegetables",71,104.51
"baked beans with light with rice",128,360.31
"Chinese baked beans with pork gravy",54,125.09
"Chinese mild little with eggs",4,280.99
"chicken MSG-free light with eggs",121,15.38
"Chinese spicy mild beef with gravy",120,184.12
"Chinese spicy chunky little with rice",69,256.83
"refried light with eggs",60,199.44
"shredded spicy beans with pork gravy",123,299.69
"refried cheese beans with beef with green beans",97,190
"refried refried beans with light bacon",92,182.44
"refried baked MSG-free beans",123,424.52
"chicken cookies beef with green beans",122,218.23
"MSG-free nuggets",19,27.05
"Chinese refried mild green beans",3,248.14
"refried refried MSG-free light green beans",105,213.78
"turkey spicy MSG-free little shredded mansion",109,372.72
"Chinese beans with pork gravy",31,59.5
"turkey spicy chunky beans",4,70.18
"refried chicken little with rice",76,40.64
"refried refried beans with beans",28,282.91
"shredded spicy breast green beans",28,137.9
"refried chunky green beans",56,465.29
"Chinese baked chunky garbanzo beans",56,233.96
"refried cheese delicious pork with rice",10,304.62
"Chinese refried chunky drumsticks pickled vegetables",119,196.05
"Chinese refried MSG-free little with rice",42,398.95
"turkey refried beans with beans",93,52.91
"shredded spicy cookies garbanzo beans",114,203.45
"Chinese spicy chunky green beans",48,340.26
"refried baked delicious light green beans",103,394.75
"refried cheese cookies beans",74,408.57
"shredded baked cookies lasagna",70,330.92
"shredded refried mild with potatoes",126,72.86
"Chinese refried mild beef with green beans",121,151.94
"cheese mild garbanzo beans",128,171.47
"Chinese baked with potatoes",37,400.8
"shredded spicy garbanzo beans",39,354.07
"Chinese refried beans with little with eggs",66,57.76
"Chinese chicken mild little shredded mansion",50,135.82
"shredded chunky beef with pickled vegetables",5,325.85
"cheese mild little shredded mansion",118,124.09
"shredded refried chocolate cookies",94,14.81
"refried chicken delicious chocolate",99,342.34
"shredded mild pork with eggs",67,280.55
"Chinese baked beans with light green beans",52,334.64
"refried green beans",128,74.82
"Chinese refried beans with beef with eggs",70,290.87
"shredded cheese mild lasagna",27,226.25
"turkey chicken delicious light with eggs",22,272.67
"refried pork gravy",78,131.7
"Chinese cheese beans with beef with eggs",3,340.35
"Chinese cheese mild light bacon",79,59.07
"Chinese cheese MSG-free little with rice",43,84.32
"Chinese chicken garbanzo beans",19,230.74
"Chinese chicken chunky little with eggs",38,213.03
"cheese cookies green beans",111,56.61
"Chinese baked beans with garbanzo beans",115,100.9
"Chinese chicken breast pork gravy",98,87.9
"Chinese spicy beef with eggs",49,141.84
"spicy cookies light pickled vegetables",58,376.37
"refried light with eggs",97,259.21
"Chinese refried delicious beef with pickled vegetables",87,336.36
"refried cheese MSG-free green beans",36,22.31
"turkey cheese beans with little with eggs",69,324.71
"Chinese chicken breast light with eggs",37,186.24
"refried spicy delicious beef with gravy",106,33.6
"turkey spicy breast pasta",71,57.52
"Chinese cheese beans with light with eggs",59,322.93
"Chinese spicy chunky pork with rice",60,368.93
"baked chunky beef with eggs",22,281.74
"baked beans with light green beans",80,161.86
"refried MSG-free green beans",35,73.48
"turkey spicy cookies light green beans",125,190.76
"chicken breast light green beans",47,384.66
"turkey chicken chicken breast with gravy",77,116.06
"cheese mild chocolate",54,258.11
"turkey chicken MSG-free light green beans",81,160.46
"shredded cheese MSG-free little shredded mansion",27,12.94
"shredded refried beans with little pickled vegetables",100,387.88
"shredded baked beans with light with eggs",79,176.78
"Chinese chicken MSG-free little with rice",68,271.43
"shredded cheese MSG-free pasta",55,423.5
"chicken green beans",72,137.22
"refried refried delicious light pickled vegetables",99,209.35
"Chinese baked MSG-free little with rice",81,107.09
"mild with potatoes",21,28.83
"shredded cheese cookies light with rice",3,352.66
"Chinese refried whole corn",82,71.43
"cheese beans with light bacon",2,128.58
"Chinese chicken chicken breast with pickled vegetables",105,466.34
"Chinese baked delicious beef with pickled vegetables",23,166.52
"Chinese chicken chunky beans",125,77.56
"refried refried mild green beans",92,207.63
"Chinese baked beans with beef with green beans",38,329.67
"Chinese beans with pork with rice",101,169.03
"turkey spicy MSG-free nuggets",31,198.22
"Chinese chicken breast little shredded mansion",97,230.76
"spicy MSG-free whole corn",75,47.33
"shredded spicy mild green beans",46,244.89
"Chinese cheese beans with beef with green beans",57,184.05
"turkey cheese beans with beef with bacon",122,470.92
"refried refried delicious light green beans",49,365.58
"turkey cheese cookies green beans",81,423.73
"Chinese spicy breast light with eggs",119,134.24
"Chinese MSG-free light bacon",73,237.82
"spicy cookies lasagna",108,349.16
"shredded baked cookies little with rice",10,41.6
"shredded chicken beef with eggs",88,165.76
"Chinese chicken beans with little shredded mansion",116,263.02
"Chinese chicken delicious beef with bacon",118,126.69
"Chinese baked breast nuggets",55,225.77
"cheese cookies nuggets",59,403.8
"Chinese spicy beans with pork gravy",96,140.61
"turkey spicy beans with little with rice",30,221.58
"Chinese baked mild beans",115,78.74
"Chinese beans with lasagna",75,330.8
"Chinese refried chunky whole corn",25,86.15
"Chinese refried mild beef with pickled vegetables",107,235.17
"refried little shredded mansion",57,291.1
"Chinese baked MSG-free light with rice",22,64.18
"shredded cheese breast whole corn",14,409.92
"refried cookies green beans",23,298.38
"chicken chocolate",5,220.15
"refried mild light with rice",63,302.01
"Chinese baked beans with beef with bacon",127,114.84
"turkey chicken mild nuggets",27,235.59
"refried baked mild whole corn",55,80.86
"turkey cheese delicious little shredded mansion",66,85.52
"Chinese chunky drumsticks pickled vegetables",57,3.42
"Chinese spicy MSG-free pork with eggs",119,385.97
"baked MSG-free whole corn",56,56.46
"refried cheese breast green beans",43,108.41
"refried baked delicious beef with green beans",80,434.39
"spicy delicious lasagna",104,306.74
"Chinese spicy beans with little shredded mansion",93,454.81
"Chinese mild pork with eggs",95,426.36
"refried refried cookies vegetables",76,192.7
"refried spicy delicious garbanzo beans",102,22.32
"Chinese delicious pork gravy",25,205.31
"refried spicy whole corn",11,396.49
"refried spicy chicken breast with bacon",123,69.35
"Chinese chicken beans with little with rice",102,319.78
"Chinese refried green beans",98,203.88
"turkey spicy MSG-free beef with gravy",11,423.57
"Chinese baked chunky vegetables",13,380.45
"Chinese beans with pork with rice",75,218.32
"Chinese beans with beans",65,419.74
"refried chicken mild green beans",116,159.68
"refried refried mild beef with pickled vegetables",26,99.4
"refried cheese beans with vegetables",122,273.24
"refried beans",91,317.55
"spicy breast vegetables",35,264.24
"spicy mild little with eggs",72,297.27
"Chinese spicy breast pasta",70,253.36
"Chinese spicy cookies pork with eggs",30,126.71
"shredded cheese pork with rice",72,342.11
"turkey spicy cookies pork gravy",87,466.2
"refried refried cookies pasta",54,275.7
"chicken chunky whole corn",31,318.41
"chicken mild beans",115,418.91
"Chinese baked MSG-free nuggets",21,219.05
"refried cheese chunky beef with bacon",92,351.02
"spicy breast with potatoes",102,257.04
"refried chicken breast beans",92,448.31
"spicy delicious pork with rice",61,201.75
"Chinese baked chunky green beans",24,408.55
"Chinese cookies beef with green beans",119,80.8
"Chinese cheese MSG-free beef with green beans",97,270.18
"turkey with potatoes",38,109.74
"Chinese chicken little with rice",121,442.24
"Chinese chicken mild light pickled vegetables",23,188.3
"shredded cheese chunky beef with eggs",87,374.21
"refried chicken beans with beef with eggs",26,423.64
"refried baked chunky beef with bacon",78,470.36
"Chinese baked beans with beans",28,197.87
"Chinese lasagna",5,270.43
"Chinese cheese mild pork gravy",81,193.32
"refried chunky green beans",24,233.17
"Chinese chicken beans with garbanzo beans",113,460.74
"refried beans with lasagna",6,335.78
"Chinese chicken MSG-free little pickled vegetables",83,33.8
"Chinese chicken chunky beef with bacon",60,86.22
"refried spicy MSG-free light with eggs",63,413.53
"Chinese cheese breast little shredded mansion",114,197.09
"Chinese cheese mild whole corn",100,450.25
"turkey delicious beef with pickled vegetables",19,214.53
"Chinese breast lasagna",48,306.77
"whole corn",78,172.54
"Chinese chunky pork with eggs",67,248.55
"shredded chicken chunky drumsticks green beans",58,187.61
"Chinese baked lasagna",74,53.94
"baked chunky pork with eggs",105,53.8
"Chinese chicken beans with pasta",26,242.24
"refried spicy pasta",121,406.01
"refried spicy breast light green beans",106,29.72
"Chinese delicious light pickled vegetables",96,73.71
"shredded baked beans with little with rice",100,253.74
"refried whole corn",29,3.59
"Chinese baked cookies whole corn",18,133.85
"turkey refried delicious little with eggs",11,106.35
"refried spicy beans with pork with eggs",73,230.09
"Chinese spicy chunky pork with eggs",127,143.91
"turkey chicken little with rice",58,46.04
"refried baked chunky beef with eggs",57,267.15
"Chinese cheese beans with pasta",82,274.58
"baked delicious pasta",89,348.07
"shredded cheese chunky vegetables",5,154.57
"turkey cheese cookies pork with rice",74,328.69
"baked cookies light with rice",42,305.38
"chicken chunky beef with eggs",7,420.51
"Chinese refried cookies light with eggs",63,377.95
"refried baked chunky drumsticks green beans",100,71.3
"refried cheese chunky beef with pickled vegetables",108,37.2
"Chinese spicy mild with potatoes",65,362.64
"shredded baked little pickled vegetables",88,16.81
"cheese breast green beans",115,49.59
"Chinese spicy mild nuggets",43,23.07
"baked breast pasta",117,77.75
"cheese beans with little pickled vegetables",14,419.86
"refried MSG-free nuggets",38,215.54
"Chinese refried chunky pork with eggs",20,359.91
"shredded cheese beans with light pickled vegetables",73,11.23
"shredded chicken beans with little with rice",74,200.64
"Chinese refried vegetables",122,161.34
"refried cheese chunky little pickled vegetables",62,190.79
"chicken chunky green beans",78,271.58
"chicken cookies green beans",7,58.59
"shredded spicy beans with garbanzo beans",13,159.75
"refried cheese delicious pork with eggs",33,441.75
"turkey chicken chunky with potatoes",42,151.98
"Chinese cheese beef with green beans",12,320.84
"refried baked breast light with rice",71,424
"refried chicken breast little shredded mansion",37,411.03
"refried baked cookies little pickled vegetables",51,229.21
"refried spicy beans with with potatoes",120,28.28
"baked delicious light pickled vegetables",8,236.18
"shredded cookies little pickled vegetables",119,439.53
"refried baked cookies pork with eggs",113,209.86
"refried spicy mild pork gravy",47,97.58
"Chinese beef with eggs",110,177.82
"shredded spicy mild little pickled vegetables",7,113.72
"breast little with eggs",109,75.01
"shredded chicken chunky lasagna",1,253.12
"Chinese breast beans",71,367.61
"Chinese refried little pickled vegetables",92,45.55
"Chinese spicy cookies little with rice",105,305.19
"refried refried mild beef with bacon",99,336.58
"Chinese cheese pork with eggs",68,259.56
"turkey spicy beans with little with eggs",118,447.28
"turkey chicken beans with chocolate",45,124.72
"shredded cheese cookies green beans",7,216.37
"Chinese baked chunky drumsticks pickled vegetables",34,320.71
"turkey chicken delicious chocolate",1,303.79
"Chinese beans with beans",64,149.43
"shredded refried cookies light bacon",107,52.94
"Chinese chicken beans with beef with eggs",102,5.13
"refried spicy beans with little with eggs",108,61.95
"refried refried mild pork gravy",31,447.9
"turkey refried delicious beans",74,96.37
"Chinese MSG-free garbanzo beans",49,20.71
"Chinese refried cookies lasagna",61,264.23
"Chinese refried beans with pork gravy",77,225.55
"MSG-free beef with green beans",45,197.97
"Chinese refried cookies pork with eggs",108,387.56
"spicy mild beef with eggs",47,387.61
"cheese MSG-free whole corn",33,200.56
"refried chicken mild pasta",5,128.73
"Chinese cheese beans with green beans",96,74.94
"turkey cookies little with eggs",25,338.03
"Chinese spicy chunky green beans",102,335.6
"turkey spicy light pickled vegetables",38,189.51
"refried MSG-free light pickled vegetables",97,79.16
"Chinese spicy breast little shredded mansion",80,390.22
"chicken cookies pasta",50,98.81
"shredded refried delicious little shredded mansion",118,24.11
"refried chicken mild beef with green beans",27,471.96
"Chinese spicy beans with pasta",20,261.23
"refried spicy pork gravy",61,332.47
"turkey delicious light with eggs",3,103.09
"Chinese delicious little with eggs",99,394.76
"shredded delicious vegetables",92,421.93
"Chinese baked cookies light with rice",11,110.86
"shredded beans with pork with eggs",120,472.19
"Chinese chunky drumsticks with rice",32,341.18
"refried spicy with potatoes",46,79.24
"refried beans with garbanzo beans",44,93.23
"shredded spicy mild little with rice",12,207.74
"shredded baked cookies light pickled vegetables",108,215.7
"refried chicken mild chocolate",114,431.62
"beans with little shredded mansion",35,159.05
"Chinese chicken MSG-free light with eggs",109,247.83
"shredded cookies little with rice",43,77.36
"turkey mild green beans",28,377.66
"turkey baked delicious chocolate",62,37.86
"shredded spicy chicken breast with pickled vegetables",40,298.55
"Chinese refried chunky whole corn",14,29.18
"Chinese chicken nuggets",86,220.12
"turkey mild garbanzo beans",119,19.46
"turkey chocolate cookies",79,136.15
"cookies garbanzo beans",111,170.53
"Chinese refried beans with beef with pickled vegetables",124,87.04
"refried baked with potatoes",101,331.92
"turkey spicy breast green beans",36,94.86
"Chinese spicy beans with pasta",50,164.49
"shredded refried delicious beef with pickled vegetables",12,242.52
"refried spicy breast light bacon",79,472.82
"Chinese cheese delicious whole corn",48,30.99
"turkey spicy MSG-free garbanzo beans",14,283.89
"cookies pasta",121,387.64
"Chinese refried beans with pork with rice",73,193.31
"refried chicken delicious little shredded mansion",85,352.2
"refried refried little shredded mansion",51,150.52
"refried refried MSG-free nuggets",67,423.64
"shredded refried mild light with eggs",4,174.36
"shredded chicken cookies little shredded mansion",47,294.02
"refried cheese delicious beef with pickled vegetables",41,406.37
"Chinese baked delicious light with rice",19,113.37
"refried delicious pork gravy",14,469.96
"turkey chicken light with rice",111,32.23
"refried chicken pork with rice",58,397.52
"Chinese refried delicious little pickled vegetables",101,408.76
"refried mild pork with eggs",28,436.21
"shredded refried mild light green beans",99,375.6
"turkey chicken MSG-free pork with rice",44,182.69
"refried refried mild lasagna",118,5.84
"Chinese cheese delicious green beans",33,215.01
"Chinese breast pork with eggs",50,341.97
"Chinese chicken MSG-free light pickled vegetables",88,401.19
"Chinese spicy chunky little with eggs",57,155.64
"turkey chunky garbanzo beans",112,399.38
"Chinese spicy beans with little with eggs",43,93.34
"baked chunky pork with rice",118,148.52
"shredded baked MSG-free light with rice",58,223.51
"Chinese delicious pasta",36,154.02
"refried chunky beef with eggs",26,102.39
"refried baked delicious beef with gravy",51,365.75
"refried refried MSG-free beef with green beans",46,66.8
"turkey cheese delicious garbanzo beans",108,140.91
"Chinese cheese little with rice",86,258.38
"refried mild chocolate",18,155.22
"shredded chicken mild beef with pickled vegetables",103,107.04
"refried light with rice",114,87.93
"refried mild light green beans",117,49.63
"Chinese spicy delicious chocolate",26,467.4
"spicy MSG-free light pickled vegetables",115,428.98
"Chinese spicy beans with garbanzo beans",45,329.6
"shredded refried beans with pork with rice",24,109.88
"chicken pasta",124,349.54
"Chinese refried light green beans",37,111.81
"shredded cheese chunky with potatoes",69,370.81
"turkey chicken little with eggs",120,328.12
"Chinese spicy delicious nuggets",26,81.82
"Chinese cheese chunky with potatoes",74,145.22
"shredded cookies light bacon",123,176.85
"refried with potatoes",18,55.34
"shredded mild light green beans",126,32.88
"mild whole corn",86,413.4
"Chinese cheese MSG-free pork with eggs",93,309.08
"baked cookies beef with pickled vegetables",50,385.36
"turkey baked green beans",56,162.95
"shredded baked beans with pork with eggs",13,439.08
"turkey cheese beef with pickled vegetables",113,264.61
"chicken breast beans",115,366.94
"shredded refried MSG-free light green beans",106,98.61
"Chinese beans with garbanzo beans",6,210.37
"shredded baked MSG-free little pickled vegetables",94,161.38
"Chinese chunky nuggets",53,280.8
"shredded spicy chunky little shredded mansion",21,126.11
"Chinese chunky beans",50,180
"turkey beans with pork gravy",3,253.36
"Chinese chunky little with eggs",16,256.82
"delicious little with rice",32,154.96
"turkey spicy breast little with eggs",87,399.62
"shredded mild nuggets",72,217.14
"refried chicken chicken breast with pickled vegetables",17,308.05
"refried cheese chunky drumsticks with eggs",60,8.76
"Chinese spicy MSG-free with potatoes",40,90.64
"chicken mild little with rice",23,370.88
"Chinese cheese cookies green beans",121,17.9
"turkey spicy breast light with rice",32,14.86
"turkey spicy chunky beef with green beans",75,283.77
"Chinese refried beans with garbanzo beans",44,19.84
"shredded chicken mild beef with gravy",10,254.7
"baked delicious pork with eggs",113,347.79
"turkey beans with little shredded mansion",88,236.35
"Chinese refried mild beans",61,61.66
"turkey cookies little pickled vegetables",113,47.45
"MSG-free whole corn",124,159.32
"turkey cheese breast light with rice",2,378.71
"turkey chunky pork with eggs",93,291.74
"shredded cheese mild green beans",42,267.8
"shredded baked breast little shredded mansion",12,242.81
"Chinese chunky drumsticks green beans",65,96.39
"Chinese little pickled vegetables",19,441.81
"refried cheese MSG-free pork gravy",76,364.14
"Chinese spicy mild beef with eggs",108,191.51
"turkey chicken pork with rice",43,231.84
"Chinese chicken chunky garbanzo beans",77,386.89
"shredded cheese chunky beans",118,112.22
"chicken vegetables",68,216.44
"Chinese cheese little with rice",93,271.79
"refried spicy cookies green beans",5,440.14
"refried refried beans with beef with eggs",114,91.62
"refried MSG-free vegetables",115,288.1
"refried baked delicious pork with rice",37,329.77
"Chinese delicious beef with green beans",98,86.13
"shredded chicken chunky chocolate",72,286.72
"shredded breast green beans",102,335.93
"shredded cheese mild green beans",37,224.01
"Chinese baked mild little with eggs",19,12.71
"chicken little shredded mansion",15,234.84
"Chinese spicy chunky little shredded mansion",123,464.89
"shredded cheese beef with green beans",62,260.59
"Chinese cheese chunky drumsticks pickled vegetables",66,227.35
"refried spicy breast green beans",95,244.95
"shredded baked MSG-free light pickled vegetables",23,380.32
"shredded cookies pork with eggs",15,247.89
"refried cheese beans with light pickled vegetables",94,149.55
"Chinese spicy MSG-free beef with gravy",12,472.14
"Chinese chunky little pickled vegetables",56,56.35
"shredded cheese beans with whole corn",97,90.96
"Chinese refried light with rice",19,155.05
"Chinese baked breast little shredded mansion",46,53.65
"Chinese breast light with rice",100,9.4
"turkey spicy delicious little with eggs",85,39.81
"Chinese chicken mild chocolate",67,42.93
"refried refried MSG-free lasagna",86,464.67
"turkey cheese mild pasta",115,76.56
"shredded beans with green beans",72,71.11
"turkey delicious little with eggs",117,198.54
"Chinese cheese MSG-free little shredded mansion",28,422.59
"refried cheese mild lasagna",15,30.48
"turkey delicious beef with green beans",1,435.11
"Chinese cheese MSG-free nuggets",121,38.13
"refried refried chunky green beans",5,287.18
"shredded cheese MSG-free beef with pickled vegetables",52,113.47
"Chinese spicy chicken breast with gravy",16,116.78
"Chinese cheese beans with pork with rice",125,338.07
"chicken chocolate cookies",4,28.52
"mild beef with bacon",119,186.95
"Chinese baked beans with beef with pickled vegetables",108,55.34
"refried chicken breast with green beans",4,381.38
"Chinese cheese beans with lasagna",120,354.24
"turkey chicken chunky little with rice",19,381.59
"shredded chicken breast pork with rice",32,124.78
"Chinese refried nuggets",78,30.43
"cheese MSG-free pork with rice",54,138.43
"Chinese cheese breast light with rice",16,185.75
"Chinese baked breast light with rice",56,427.16
"Chinese chicken delicious little pickled vegetables",37,447.62
"shredded chicken cookies light pickled vegetables",99,357.03
"baked delicious beef with green beans",31,194.49
"Chinese baked breast garbanzo beans",122,57.39
"Chinese chunky little with rice",6,309.47
"shredded chicken breast green beans",6,30.91
"Chinese cheese breast green beans",36,450.18
"shredded beans with light with rice",76,302.54
"MSG-free chocolate",27,311.26
"shredded cheese mild light bacon",91,401.91
"turkey chicken beans with beans",124,45.36
"spicy MSG-free chocolate",12,76.66
"refried refried chunky drumsticks pickled vegetables",128,255.44
"turkey baked mild beef with gravy",31,167.68
"Chinese cookies pork with eggs",21,281.11
"Chinese chunky drumsticks with rice",19,133.04
"refried nuggets",6,274.1
"shredded chicken MSG-free green beans",91,255.48
"Chinese cheese MSG-free vegetables",85,68.46
"chunky beef with bacon",60,183.25
"Chinese spicy beans with whole corn",82,35.54
"chicken cookies light with eggs",95,293.54
"turkey baked mild beef with bacon",115,224.28
"refried MSG-free lasagna",109,427.66
"refried refried delicious pork with rice",118,206.99
"refried spicy beans with garbanzo beans",66,121.58
"baked beans with beef with gravy",68,469.89
"shredded chicken mild beans",74,354.65
"shredded spicy beans with green beans",72,170.41
"Chinese refried chunky beef with green beans",68,351.5
"Chinese cheese MSG-free pork gravy",54,354.5
"shredded chicken beans with beef with bacon",55,310.95
"refried baked mild little with eggs",2,395.06
"refried spicy pork with rice",52,399.75
"turkey spicy breast little shredded mansion",45,27.29
"spicy cookies light with eggs",9,260.04
"turkey mild lasagna",79,28.07
"turkey MSG-free beef with bacon",37,207.79
"refried spicy breast little pickled vegetables",33,218.21
"Chinese cheese breast whole corn",50,384.55
"shredded spicy little with rice",43,452.61
"shredded cheese garbanzo beans",10,344.88
"baked MSG-free beef with eggs",102,417.41
"Chinese refried light with eggs",104,43.7
"refried cheese beans with nuggets",19,89.86
"Chinese baked mild whole corn",36,358.84
"Chinese delicious light green beans",83,353.07
"Chinese cheese breast little with eggs",65,459.12
"shredded baked mild beef with bacon",60,286.02
"cheese MSG-free beef with green beans",86,454.25
"turkey baked chunky little with rice",59,185.17
"Chinese mild nuggets",106,431.44
"turkey pasta",8,261.7
"Chinese delicious beef with pickled vegetables",71,360.57
"shredded chunky drumsticks green beans",92,74.52
"cheese chunky drumsticks bacon",111,382.28
"turkey cheese mild pork gravy",125,397.03
"Chinese breast nuggets",82,131.41
"Chinese light green beans",122,255.01
"turkey cheese cookies light pickled vegetables",37,378.19
"Chinese mild nuggets",12,387.95
"refried chunky drumsticks with rice",4,150.94
"Chinese baked delicious with potatoes",83,188.08
"turkey chicken beans with beef with eggs",4,85
"shredded chunky drumsticks pickled vegetables",52,459.7
"shredded cheese delicious little with rice",66,380.53
"refried baked beans",24,447.11
"refried cookies pork with rice",70,419.66
"Chinese spicy MSG-free light bacon",44,73.76
"turkey spicy breast nuggets",29,341.27
"Chinese chicken MSG-free pork with rice",63,253.58
"Chinese spicy delicious beef with bacon",49,76.84
"Chinese baked chunky pasta",62,417.05
"Chinese little with eggs",48,137.03
"turkey cheese beans with beef with pickled vegetables",51,418.64
"shredded baked breast lasagna",84,476.21
"beans with light with eggs",85,311.29
"shredded breast chocolate",75,207.35
"Chinese refried MSG-free little with rice",98,339.84
"cheese mild little with rice",87,285.06
"spicy pork with rice",38,3.58
"Chinese spicy delicious little shredded mansion",104,343.36
"Chinese breast green beans",80,460.56
"shredded cheese cookies little shredded mansion",66,295.37
"Chinese refried mild little with rice",122,465.92
"turkey baked delicious nuggets",18,344.95
"refried mild little shredded mansion",55,355.64
"turkey baked MSG-free beans",3,380.22
"turkey baked delicious beef with pickled vegetables",79,227.56
"shredded cookies garbanzo beans",26,126.82
"turkey baked cookies light bacon",1,319.23
"Chinese spicy little with eggs",7,71.29
"Chinese cheese cookies pasta",24,171.2
"chicken delicious whole corn",96,82.61
"shredded spicy MSG-free nuggets",28,294.73
"Chinese cheese chicken breast with bacon",58,340.8
"refried cheese cookies little with rice",88,386.4
"cheese delicious little pickled vegetables",98,93.55
"spicy delicious light pickled vegetables",44,185.33
"Chinese spicy cookies garbanzo beans",111,371.34
"Chinese chunky green beans",20,190.76
"Chinese spicy delicious beef with pickled vegetables",41,316.99
"Chinese delicious beef with bacon",3,142.02
"shredded refried MSG-free green beans",52,238
"turkey spicy mild green beans",122,357.71
"spicy beans with light with eggs",94,236.54
"turkey cheese beans with pork with eggs",26,113.49
"shredded spicy pork with rice",17,170.15
"spicy cookies pork with eggs",44,172.29
"Chinese baked MSG-free pork with eggs",30,276.02
"refried cookies light bacon",24,254.51
"shredded spicy mild green beans",19,284.87
"shredded spicy pork with eggs",70,134.24
"Chinese little with rice",9,349.2
"refried mild whole corn",43,398.75
"Chinese baked mild chocolate",13,312.72
"Chinese refried cookies light with rice",5,179.9
"Chinese breast with potatoes",120,434.19
"Chinese refried garbanzo beans",56,471.77
"refried spicy chunky drumsticks green beans",24,236.37
"shredded cheese cookies whole corn",29,255.37
"Chinese chicken light green beans",69,396.25
"Chinese refried delicious pork with eggs",111,231.65
"refried baked chunky little pickled vegetables",74,286.81
"turkey spicy beans with green beans",116,178
"turkey chicken delicious lasagna",94,121.62
"refried cheese mild pasta",56,23.2
"Chinese spicy MSG-free garbanzo beans",43,3.26
"Chinese refried beef with eggs",3,323.66
"shredded chicken mild beef with eggs",128,297.08
"shredded refried mild chocolate",64,196.43
"shredded chicken mild pork gravy",104,349.68
"shredded refried delicious little pickled vegetables",12,207.89
"spicy MSG-free little with eggs",80,385.91
"refried baked beans with green beans",126,361.16
"Chinese baked chunky little with rice",113,381.44
"turkey refried MSG-free little with eggs",21,340.76
"turkey cheese MSG-free pork with rice",115,447.79
"refried baked delicious little shredded mansion",18,119.68
"refried delicious whole corn",57,43.34
"Chinese baked delicious garbanzo beans",84,85.27
"refried delicious vegetables",22,272.73
"refried beans with beef with green beans",58,184.34
"Chinese cheese chunky vegetables",77,15.39
"shredded refried light green beans",52,23.15
"turkey baked MSG-free light pickled vegetables",109,425.51
"turkey spicy little with eggs",8,87.28
"cheese green beans",128,80.99
"Chinese beans",93,191.77
"spicy MSG-free pork gravy",108,118.77
"beans with light green beans",48,209.1
"turkey beans with light pickled vegetables",21,366.17
"spicy mild light pickled vegetables",41,442.45
"baked mild lasagna",42,22.85
"Chinese baked beef with pickled vegetables",10,158.94
"Chinese chicken beans",80,425.74
"refried little shredded mansion",76,276.62
"turkey spicy mild beef with pickled vegetables",62,402.24
"refried chicken delicious beans",27,145.35
"Chinese refried with potatoes",92,238.98
"shredded pork with rice",88,62.32
"Chinese chicken mild pork with eggs",89,203.86
"refried light green beans",101,371.32
"Chinese baked beans with chocolate",51,20.06
"cheese pork with rice",123,133.57
"shredded refried beef with bacon",117,304.54
"chicken delicious beef with bacon",56,61.36
"shredded spicy beans with light with eggs",11,92.02
"shredded baked beef with gravy",85,147.11
"turkey spicy beans with pork with rice",103,415.23
"Chinese spicy lasagna",44,251.82
"Chinese spicy chunky drumsticks with eggs",81,166.08
"refried baked light bacon",123,392.09
"chicken cookies beef with pickled vegetables",125,158.57
"cheese breast garbanzo beans",99,213.79
"refried chicken beans with beef with bacon",2,342.09
"chicken delicious light pickled vegetables",118,216.94
"turkey chicken beans with with potatoes",78,426.02
"turkey refried beans with nuggets",55,41.96
"turkey spicy beans with beef with pickled vegetables",101,265.46
"spicy mild beef with bacon",6,97.35
"turkey cheese delicious pork gravy",128,83.92
"turkey spicy mild little with rice",81,169.25
"baked mild light pickled vegetables",44,137.89
"garbanzo beans",127,340.6
"shredded baked cookies pork with rice",39,133.59
"spicy green beans",92,405.91
"cheese MSG-free pork gravy",64,468.86
"Chinese breast little with rice",119,405.26
"Chinese refried cookies green beans",122,227.23
"Chinese chicken chocolate cookies",84,374.45
"shredded refried delicious beef with green beans",56,285.97
"Chinese cheese mild green beans",29,434.4
"Chinese refried beans with beef with green beans",17,121.6
"refried baked delicious little with eggs",28,137.16
"Chinese chicken MSG-free vegetables",46,417.6
"turkey chicken delicious garbanzo beans",35,439.44
"Chinese spicy beans with little shredded mansion",20,457.6
"shredded cheese cookies pasta",73,48.84
"Chinese beans with whole corn",86,143.36
"turkey refried whole corn",18,300.11
"Chinese refried beans with light with eggs",21,136.07
"turkey baked light with rice",98,159.18
"shredded cheese mild beef with pickled vegetables",98,65.53
"turkey mild little shredded mansion",54,294.47
"chicken breast with potatoes",62,190
"shredded cheese chunky lasagna",57,10.38
"spicy beans with pork with eggs",109,468.63
"turkey refried light with rice",72,253.05
"turkey baked mild nuggets",84,373.4
"refried baked MSG-free lasagna",42,196.51
"shredded refried MSG-free whole corn",3,233.95
"refried baked little shredded mansion",56,416
"shredded chicken mild whole corn",49,72.02
"refried refried whole corn",43,122.04
"shredded spicy MSG-free green beans",77,399.81
"turkey spicy delicious with potatoes",61,386.8
"Chinese delicious little pickled vegetables",25,89.85
"refried mild little with eggs",35,419.84
"Chinese baked mild light pickled vegetables",125,127.45
"baked mild light with eggs",83,402.08
"Chinese cheese delicious little pickled vegetables",22,122.39
"shredded cheese mild with potatoes",50,390.97
"turkey cheese cookies little shredded mansion",115,430.39
"turkey cheese cookies little pickled vegetables",44,295.71
"chunky with potatoes",25,1.07
"turkey chicken breast chocolate",93,135.8
"baked MSG-free light bacon",3,276.79
"shredded light green beans",111,11.85
"cheese beans with light pickled vegetables",115,39.52
"Chinese refried beans with pasta",39,166.03
"Chinese cookies with potatoes",64,303.53
"MSG-free light pickled vegetables",108,358.61
"refried baked chunky beef with gravy",54,321.67
"Chinese chicken breast whole corn",20,438.4
"Chinese baked beans with beef with gravy",37,391.2
"Chinese refried chocolate cookies",121,49.48
"refried garbanzo beans",22,25.26
"green beans",60,429.78
"turkey refried cookies little shredded mansion",116,336.89
"refried beans with little shredded mansion",27,130.06
"Chinese chicken beans with nuggets",112,126.78
"turkey cheese MSG-free nuggets",41,416.15
"spicy mild beans",104,290.02
"turkey baked MSG-free green beans",118,219.02
"turkey cheese chunky pork with rice",76,76.08
"turkey chicken cookies light green beans",48,111
"shredded MSG-free little pickled vegetables",34,21.92
"refried baked delicious little with rice",100,205.63
"Chinese chunky with potatoes",59,196.1
"Chinese baked MSG-free lasagna",78,245.98
"turkey chicken chunky beef with bacon",1,236.8
"Chinese baked beans with vegetables",89,405.65
"Chinese cheese chunky beef with eggs",28,239.17
"shredded cheese MSG-free light with rice",101,264.03
"breast green beans",16,360.04
"Chinese refried beans",38,392.44
"turkey cheese breast green beans",106,110.83
"MSG-free little shredded mansion",57,222.63
"Chinese cheese beans with little shredded mansion",124,302.11
"Chinese refried delicious light green beans",75,390.52
"shredded refried beans with light pickled vegetables",45,125.77
"Chinese cheese chunky beans",25,36.07
"shredded cheese mild light with rice",86,210.75
"delicious with potatoes",99,31.17
"Chinese cheese chunky nuggets",74,228.83
"refried chicken mild beef with bacon",104,310.01
"Chinese cheese MSG-free pasta",41,246.82
"Chinese MSG-free pasta",16,451.94
"Chinese delicious vegetables",125,61.38
"shredded chunky pork gravy",93,192.44
"Chinese refried MSG-free light with eggs",8,339.32
"shredded chicken delicious beef with eggs",29,419.22
"shredded chicken breast with gravy",58,373.41
"Chinese cheese breast little with eggs",62,365.4
"refried cheese MSG-free beef with bacon",105,230.69
"Chinese cookies little with eggs",22,312.31
"turkey spicy mild beef with gravy",10,211.6
"turkey refried cookies light pickled vegetables",124,442.88
"refried MSG-free little with rice",49,96.42
"Chinese baked mild chocolate",104,157.93
"Chinese MSG-free little pickled vegetables",38,291.48
"Chinese refried MSG-free whole corn",30,406.04
"turkey cheese breast beans",82,301.3
"Chinese cheese beans with beef with bacon",94,42.31
"refried cookies little with rice",62,206.31
"refried chicken green beans",12,59.54
"cookies green beans",9,215.79
"turkey spicy pork gravy",103,135.15
"refried mild light with eggs",2,310.77
"Chinese spicy cookies green beans",88,392.89
"shredded baked delicious light green beans",32,250.67
"shredded cheese little shredded mansion",12,308.48
"Chinese baked delicious light green beans",37,333.93
"Chinese chicken mild little pickled vegetables",58,346.19
"chicken chunky chocolate",46,184.71
"refried spicy chicken breast with eggs",118,25.69
"Chinese refried chunky beef with pickled vegetables",85,331.59
"shredded chicken chicken breast with bacon",9,15.9
"refried chicken chunky drumsticks green beans",21,273.13
"Chinese cheese mild garbanzo beans",88,258.99
"Chinese cheese breast little with rice",47,1.76
"Chinese chicken MSG-free garbanzo beans",100,142.96
"turkey chicken mild light green beans",47,9.48
"shredded baked mild light bacon",69,140.26
"Chinese baked MSG-free whole corn",119,242.67
"Chinese cheese mild light green beans",110,155.79
"turkey cookies vegetables",18,446.35
"refried refried cookies beef with eggs",24,53.27
"Chinese beef with pickled vegetables",63,321.43
"Chinese mild little with eggs",26,62.49
"shredded chicken breast little with eggs",90,271.53
"shredded baked MSG-free with potatoes",1,220.88
"delicious beef with green beans",115,379.78
"shredded mild beef with gravy",44,14.24
"refried refried light pickled vegetables",86,65.09
"Chinese chicken chunky pork gravy",85,218.41
"Chinese refried chunky vegetables",124,241.98
"turkey spicy MSG-free little with eggs",45,11.29
"turkey chicken cookies light pickled vegetables",40,439.43
"shredded refried mild light with rice",14,114.44
"cheese beans with light with eggs",3,118.85
"Chinese MSG-free little shredded mansion",8,419.43
"cheese delicious beef with bacon",39,249.91
"Chinese chocolate cookies",48,124.21
"Chinese refried delicious with potatoes",90,418.5
"Chinese delicious chocolate",44,435.71
"chicken cookies light green beans",1,154.91
"Chinese baked beef with eggs",4,247.31
"spicy chunky little pickled vegetables",79,160.17
"shredded baked chocolate cookies",62,40.02
"turkey chunky green beans",56,254.51
"baked chunky green beans",103,18.21
"refried spicy beans with green beans",102,287.34
"turkey spicy light green beans",19,197.07
"refried MSG-free little with eggs",112,476.59
"turkey cheese MSG-free light green beans",47,42.4
"Chinese cheese chunky drumsticks green beans",73,347.52
"shredded refried delicious whole corn",128,346.29
"baked with potatoes",7,358.91
"refried baked MSG-free chocolate",54,87.48
"Chinese cheese light with eggs",86,281.61
"refried mild beef with eggs",13,8.94
"Chinese chicken mild little with rice",91,97.35
"refried delicious beef with green beans",73,28.39
"Chinese chicken beans with beef with gravy",36,5.62
"shredded mild light bacon",101,113.91
"shredded chicken mild green beans",73,75.44
"turkey cheese chunky little pickled vegetables",5,49.21
"Chinese chicken cookies beef with pickled vegetables",44,36.13
"Chinese spicy beans with beef with green beans",26,198.62
"refried refried delicious nuggets",72,272.28
"shredded cheese chunky whole corn",85,121.51
"shredded cheese beans with pork with rice",74,56.16
"Chinese baked cookies little shredded mansion",51,470.54
"Chinese baked beef with bacon",54,128.33
"refried chunky little with eggs",43,151.69
"Chinese spicy delicious green beans",97,22.32
"Chinese chicken delicious pork gravy",12,153.37
"Chinese cheese beans with little with eggs",103,119.05
"refried mild light pickled vegetables",17,176.33
"cheese pork with eggs",22,232.08
"turkey MSG-free lasagna",29,112.95
"turkey chicken MSG-free light pickled vegetables",51,456.4
"refried delicious pork with eggs",2,428.97
"Chinese chicken chunky vegetables",118,256.06
"beans with vegetables",3,289.01
"shredded mild light with rice",69,99.41
"refried cheese breast light pickled vegetables",111,83.02
"shredded baked beans with vegetables",84,365.85
"shredded baked chicken breast with gravy",96,206.93
"turkey spicy green beans",120,200.54
"Chinese mild green beans",98,260.48
"turkey cheese breast pork gravy",101,252.64
"shredded chicken MSG-free light with rice",85,422.39
"shredded breast light bacon",8,69.9
"turkey spicy delicious vegetables",30,354.18
"refried refried chunky drumsticks bacon",48,124.53
"turkey cheese mild beef with bacon",94,186.35
"Chinese spicy MSG-free beans",54,227.79
"spicy cookies beef with green beans",103,89.28
"chicken chunky beef with green beans",118,158.58
"Chinese cheese MSG-free beef with eggs",101,319.51
"refried green beans",123,79.18
"shredded cheese pork gravy",70,73.63
"Chinese chicken breast little with rice",24,321.8
"shredded refried beans with little with rice",94,291.57
"shredded chunky pork with rice",35,260.24
"refried baked delicious nuggets",56,132.22
"refried beans with light green beans",117,262.19
"refried chicken beans with green beans",80,170.5
"refried MSG-free vegetables",53,371.63
"turkey chicken chunky beef with green beans",96,340.52
"turkey chicken mild beef with gravy",6,81.56
"shredded MSG-free lasagna",45,287.07
"Chinese refried cookies beef with eggs",47,46.08
"Chinese chicken delicious light bacon",93,427.57
"turkey refried pork gravy",74,410.53
"Chinese refried delicious light with eggs",97,299.84
"Chinese chicken breast light bacon",86,294.29
"chicken beans with pasta",35,419.44
"Chinese refried mild green beans",23,323.54
"Chinese chicken breast with pickled vegetables",54,399.26
"Chinese beans with beef with gravy",18,302.81
"chunky pasta",8,219.56
"refried baked chunky pork gravy",62,192.28
"shredded MSG-free green beans",58,13.13
"refried mild beans",99,421.44
"Chinese chicken chicken breast with gravy",116,474.96
"turkey refried pork with eggs",78,145.39
"chicken green beans",40,84.26
"chicken chunky pork with rice",81,31.14
"turkey spicy MSG-free beans",16,265.25
"Chinese spicy mild beef with bacon",42,142.43
"Chinese spicy beans with beef with bacon",24,168.77
"shredded refried beans with light green beans",101,154.37
"Chinese cheese beans with light green beans",41,391.85
"Chinese cheese beef with bacon",58,55.17
"baked MSG-free light with rice",37,227.75
"shredded spicy delicious light with eggs",122,464.14
"refried MSG-free beef with eggs",49,437.02
"Chinese spicy delicious little with eggs",77,300.57
"Chinese refried little shredded mansion",7,100.69
"turkey baked beans with green beans",104,116.92
"delicious beef with gravy",73,421.13
"turkey spicy cookies beef with bacon",3,131.25
"turkey baked mild green beans",1,53.09
"baked mild little with rice",41,408.62
"shredded spicy MSG-free little pickled vegetables",30,39.71
"Chinese spicy chunky lasagna",108,107.74
"refried chicken delicious pasta",92,219.6
"shredded baked cookies pork gravy",35,394.61
"turkey chunky green beans",81,384.95
"cheese cookies vegetables",13,244.74
"chunky beans",54,451.3
"Chinese chunky chocolate",117,72.14
"shredded baked delicious beef with pickled vegetables",89,392.03
"turkey refried mild beef with eggs",37,48.64
"breast little with rice",45,86.46
"turkey chicken beans with pork with rice",7,453.33
"refried baked MSG-free beef with eggs",2,37.58
"Chinese cheese mild pork with rice",80,409.37
"refried spicy beans with beef with pickled vegetables",106,1.21
"Chinese baked beef with eggs",112,421.97
"Chinese chicken MSG-free beef with bacon",1,356.73
"Chinese spicy chunky vegetables",43,267.33
"Chinese chicken cookies beans",82,260.78
"shredded chicken beans with little with eggs",58,272.2
"shredded beans",100,10.56
"Chinese chunky beef with eggs",20,51.17
"turkey spicy breast little pickled vegetables",20,410.86
"shredded chicken delicious pork with eggs",96,177.59
"mild beans",40,275.78
"shredded refried pork gravy",99,445.58
"Chinese baked cookies light green beans",69,419.89
"turkey refried cookies pork with eggs",67,9.12
"refried chicken beans with pasta",127,466.65
"turkey chicken cookies beef with bacon",20,381.34
"shredded MSG-free pork gravy",42,301.77
"chicken delicious light bacon",65,112.9
"Chinese baked breast little pickled vegetables",45,396.66
"refried chicken MSG-free green beans",58,432.05
"beans with pork gravy",123,280.19
"turkey cheese mild light with rice",116,140.7
"Chinese refried cookies little with eggs",27,236.66
"turkey chicken MSG-free beans",22,145.84
"shredded spicy delicious garbanzo beans",36,167.63
"MSG-free green beans",55,91.13
"chicken chunky beans",72,39.3
"cheese beans with green beans",109,69
"Chinese cookies pork gravy",31,164.15
"turkey chicken beans with light bacon",16,452.36
"turkey baked beans with light bacon",24,357.02
"shredded spicy breast little pickled vegetables",85,434.32
"cheese delicious little with eggs",86,36.36
"mild light pickled vegetables",64,343.34
"refried cheese cookies beef with eggs",96,344.52
"chicken mild light pickled vegetables",35,114.53
"spicy light green beans",67,378.88
"Chinese refried cookies beef with bacon",86,319.41
"chicken MSG-free pork gravy",11,392.65
"refried beans with little pickled vegetables",70,222.27
"delicious chocolate",28,427.3
"Chinese cheese beef with gravy",52,62.02
"refried refried chunky drumsticks with eggs",96,283.95
"Chinese chicken breast garbanzo beans",43,285.33
"shredded cheese beans with little shredded mansion",31,289.98
"Chinese spicy cookies light green beans",37,444.02
"Chinese cheese delicious pork gravy",103,10.79
"Chinese chunky drumsticks green beans",100,181.62
"refried spicy MSG-free with potatoes",111,437.59
"Chinese refried chunky chocolate",48,262.45
"shredded cookies green beans",11,289
"Chinese delicious light with rice",50,382.61
"MSG-free with potatoes",15,256.22
"cheese mild light green beans",78,51.07
"Chinese refried mild pork gravy",14,114.86
"refried chunky pork with eggs",80,340.42
"Chinese refried beans with pork gravy",101,252.41
"Chinese chicken delicious light with rice",30,191.69
"shredded spicy delicious with potatoes",64,143.84
"turkey cheese breast pork with rice",128,322.59
"refried cheese delicious nuggets",113,428.29
"turkey spicy whole corn",70,343.17
"shredded refried chunky little pickled vegetables",68,255.09
"shredded beans with beef with bacon",1,136.33
"Chinese chunky little shredded mansion",43,31.76
"spicy beef with eggs",126,169.49
"turkey baked cookies little shredded mansion",78,238.26
"cheese beans with little with eggs",120,406.67
"shredded baked delicious nuggets",49,211.99
"shredded refried beans with beef with eggs",116,389.64
"shredded spicy beans with beans",19,11.46
"Chinese chicken MSG-free beef with pickled vegetables",39,53.28
"cheese light bacon",16,15.7
"shredded chicken beans with light green beans",127,125.61
"Chinese cookies light with eggs",11,51.62
"shredded cheese MSG-free vegetables",27,445.98
"cheese chunky vegetables",123,139.52
"delicious green beans",30,101.96
"spicy breast light with eggs",87,276.95
"Chinese chicken chunky pork with eggs",51,461.49
"Chinese mild pork gravy",48,455.71
"refried chicken breast with gravy",19,282
"Chinese refried MSG-free whole corn",71,29.31
"Chinese spicy cookies beef with green beans",84,239.74
"turkey spicy mild light with rice",83,449.73
"Chinese spicy chocolate",54,85.4
"turkey cheese mild little shredded mansion",83,16.84
"Chinese refried delicious little pickled vegetables",124,202.79
"refried refried green beans",10,460.86
"cheese mild beef with green beans",105,311.44
"Chinese cookies beef with bacon",28,290.71
"refried refried mild pork with eggs",25,399.65
"Chinese baked mild light with rice",123,393.42
"turkey cheese cookies pork gravy",100,343.45
"refried cheese light bacon",74,457.17
"Chinese cheese MSG-free beef with pickled vegetables",23,287.94
"Chinese baked beans with green beans",115,245.32
"baked little with rice",35,3.32
"Chinese cheese beans with lasagna",122,13.81
"Chinese baked delicious beef with eggs",74,333.8
"refried chicken mild pork with rice",89,264.2
"cookies whole corn",62,122.26
"refried chicken delicious green beans",57,393.78
"Chinese cheese breast light with rice",1,438.78
"shredded chicken chunky little with rice",101,114.28
"cheese chunky nuggets",107,353.26
"Chinese cheese chunky chocolate",11,222.46
"shredded baked MSG-free pasta",24,352.71
"Chinese chunky green beans",112,105.49
"spicy cookies little with rice",86,149.04
"turkey refried green beans",128,157.81
"Chinese cheese beef with green beans",99,234.52
"Chinese spicy vegetables",66,416.68
"refried spicy chunky pasta",119,464.53
"shredded chicken delicious light green beans",9,422.63
"refried baked delicious pork with eggs",90,225.67
"Chinese spicy delicious green beans",63,239.16
"cheese cookies beef with green beans",1,260.05
"refried chicken beans with light bacon",35,277.71
"Chinese spicy with potatoes",14,117.03
"turkey spicy MSG-free beef with bacon",90,17.31
"chicken cookies green beans",64,69
"turkey MSG-free beef with gravy",39,33.03
"Chinese refried chunky little with rice",116,303.57
"shredded chicken breast garbanzo beans",47,59.6
"shredded cheese MSG-free little pickled vegetables",52,230.43
"Chinese spicy chunky drumsticks pickled vegetables",6,12.38
"Chinese spicy pork with rice",125,21.54
"shredded chunky beef with green beans",76,6.53
"mild pork with rice",86,207.01
"Chinese chicken mild beef with gravy",60,357.31
"Chinese baked beans with chocolate",9,274.48
"shredded cheese cookies pork with eggs",101,232.18
"refried chunky drumsticks bacon",6,140.84
"turkey cheese chicken breast with bacon",108,223.33
"Chinese cheese chunky little with rice",121,381.72
"spicy beans with pasta",120,318.65
"refried baked breast green beans",43,80.3
"refried chicken breast nuggets",88,109.73
"refried spicy chunky green beans",68,36.1
"turkey baked MSG-free beef with eggs",41,25.15
"shredded refried beans with little with eggs",12,161.72
"shredded cheese cookies beef with bacon",100,112.59
"refried baked MSG-free nuggets",73,449.25
"turkey chicken delicious little pickled vegetables",24,251.31
"shredded baked delicious light pickled vegetables",47,476.28
"shredded cheese beef with eggs",80,151.58
"refried little with eggs",30,232.13
"turkey cheese cookies light bacon",42,208.84
"shredded spicy mild beef with green beans",102,390.49
"spicy mild beef with green beans",92,140.18
"shredded baked chunky green beans",57,101.78
"Chinese spicy beans with lasagna",28,54.5
"refried spicy breast little shredded mansion",123,391.46
"refried cheese cookies whole corn",4,263.48
"turkey light pickled vegetables",125,67.77
"shredded refried mild little with eggs",106,105.84
"turkey cheese vegetables",16,289.53
"refried chunky drumsticks green beans",40,168.75
"shredded chicken chicken breast with pickled vegetables",101,325.81
"shredded spicy chunky chocolate",49,381.98
"chicken beef with eggs",37,439.8
"shredded MSG-free green beans",47,300.48
"turkey chunky pork gravy",14,195.13
"turkey refried green beans",1,63.17
"Chinese cheese cookies beef with gravy",108,56.84
"shredded spicy delicious little with eggs",83,296.34
"turkey refried beef with gravy",45,134.71
"Chinese chunky beef with green beans",61,403.65
"Chinese refried little with eggs",88,165.2
"refried cheese delicious green beans",102,380.97
"Chinese refried chicken breast with pickled vegetables",79,300.2
"Chinese cheese beef with eggs",109,352.96
"Chinese chicken chunky little with rice",112,19.85
"spicy delicious beef with gravy",109,270.57
"Chinese cheese beans with beef with pickled vegetables",101,180.21
"shredded chicken chunky beef with gravy",118,222.6
"Chinese spicy little pickled vegetables",63,433.19
"Chinese spicy with potatoes",40,157.17
"Chinese refried vegetables",65,60.31
"shredded chicken cookies nuggets",59,103.07
"refried mild vegetables",33,91.36
"Chinese refried delicious pork with eggs",122,291.39
"refried baked MSG-free little with eggs",86,146.27
"shredded cheese mild pork with eggs",14,102.05
"refried green beans",11,190.38
"Chinese chunky beef with gravy",119,76.48
"Chinese beans with nuggets",98,187
"Chinese refried pork with rice",100,157.14
"refried refried green beans",105,117.56
"turkey refried little with eggs",6,448.8
"refried spicy chunky drumsticks with rice",6,231.04
"turkey baked lasagna",58,366.56
"Chinese spicy breast vegetables",120,26.89
"refried baked mild beef with green beans",29,75.71
"Chinese chicken breast light with rice",61,119.18
"cheese cookies light green beans",64,36.79
"shredded cheese cookies little with rice",69,193.95
"shredded refried beans with vegetables",122,45.86
"turkey cheese MSG-free beef with bacon",82,175.39
"shredded refried beans with green beans",43,66.96
"Chinese spicy beans",89,199.35
"refried spicy MSG-free little with rice",96,66.38
"Chinese beans with green beans",103,287.52
"chicken delicious beef with pickled vegetables",103,190.65
"Chinese refried delicious little with eggs",126,409.11
"Chinese MSG-free beef with pickled vegetables",27,31.24
"Chinese refried cookies beef with eggs",17,214.45
"shredded chicken delicious light with eggs",16,371.89
"turkey mild pasta",115,435.54
"chicken cookies whole corn",103,141.5
"Chinese spicy cookies little with rice",68,12.06
"turkey refried mild little with eggs",59,188.21
"chicken pork gravy",6,361.66
"Chinese refried pasta",111,378.7
"spicy breast garbanzo beans",19,264.4
"refried delicious light pickled vegetables",43,74.74
"shredded chicken beef with bacon",74,163.84
"Chinese spicy delicious pasta",20,169.07
"Chinese mild beef with bacon",35,75.63
"shredded chicken chocolate",77,18.43
"Chinese cheese beans with little pickled vegetables",80,107.72
"delicious little shredded mansion",29,16.55
"Chinese cheese beans with little shredded mansion",124,207.76
"cookies pork with eggs",78,417.04
"turkey MSG-free light bacon",40,230.46
"shredded cheese breast little shredded mansion",49,294.75
"baked MSG-free light pickled vegetables",87,60.94
"shredded chicken breast vegetables",37,157.03
"pasta",74,295
"turkey cheese light with rice",16,210.99
"refried refried MSG-free beef with bacon",45,42.14
"shredded spicy cookies pork with rice",85,471.61
"Chinese spicy breast light green beans",103,468.07
"cheese chunky green beans",102,299.12
"turkey cheese MSG-free whole corn",64,395.74
"cheese beans with beef with eggs",25,40.25
"shredded baked mild beef with eggs",29,94.56
"Chinese spicy delicious lasagna",21,442.33
"Chinese delicious light with rice",85,8.82
"shredded chicken chicken breast with gravy",66,203.03
"refried delicious little pickled vegetables",6,134.85
"turkey chicken chunky whole corn",94,27.57
"refried chunky pork with rice",64,45.54
"Chinese spicy chunky drumsticks with rice",35,221.03
"turkey refried chicken breast with pickled vegetables",112,21.74
"refried refried cookies light with rice",83,273.69
"Chinese baked cookies beef with eggs",74,329.75
"refried refried mild with potatoes",125,351.69
"turkey spicy delicious nuggets",54,121.22
"chicken mild beef with pickled vegetables",88,292.72
"Chinese chicken MSG-free nuggets",49,298.9
"Chinese baked mild beef with pickled vegetables",81,235.98
"Chinese beans with pasta",16,255.61
"shredded cheese delicious little shredded mansion",94,328.9
"refried cheese cookies light bacon",109,435.64
"refried chicken delicious nuggets",110,57.35
"Chinese cheese chunky little shredded mansion",3,399.82
"refried mild beef with pickled vegetables",120,245.69
"baked MSG-free light with eggs",26,345.51
"refried baked mild lasagna",111,345.69
"turkey chicken mild pork with rice",10,239.64
"Chinese spicy breast pasta",66,261.79
"Chinese refried chunky drumsticks bacon",43,105.62
"refried chicken cookies beans",42,158.82
"Chinese baked delicious pork with rice",39,190.61
"turkey spicy MSG-free green beans",89,191.44
"refried mild nuggets",51,82.68
"Chinese baked light green beans",65,242.28
"turkey chicken green beans",43,442
"shredded baked chunky chocolate",7,444.93
"turkey spicy chunky nuggets",93,68.58
"shredded garbanzo beans",35,274.21
"turkey spicy cookies beef with eggs",63,344.41
"Chinese baked MSG-free beef with green beans",8,17.91
"baked mild beef with pickled vegetables",50,315.57
"turkey spicy breast pork with rice",104,81.31
"shredded baked breast vegetables",120,411.22
"turkey refried chunky drumsticks bacon",109,108.58
"Chinese chicken cookies beans",38,124.39
"Chinese refried chunky green beans",79,16.07
"shredded spicy light pickled vegetables",31,183.88
"refried chicken breast vegetables",29,341.53
"Chinese cheese pork with eggs",55,269.69
"Chinese chicken chocolate cookies",119,460.68
"Chinese baked breast light pickled vegetables",31,192.78
"turkey refried whole corn",94,266.81
"Chinese refried MSG-free light bacon",10,128.81
"Chinese baked little with rice",8,267.7
"Chinese baked chunky drumsticks green beans",42,339.94
"refried baked beans with garbanzo beans",122,259.96
"shredded cheese MSG-free chocolate",27,400.15
"shredded delicious light with eggs",77,10.98
"turkey cheese mild beef with green beans",8,414.48
"chicken light green beans",24,465.49
"refried baked mild garbanzo beans",93,1.7
"shredded mild lasagna",63,280.49
"refried cheese beans with little shredded mansion",122,154.85
"Chinese baked mild little pickled vegetables",95,153.41
"refried cheese cookies little shredded mansion",103,5.65
"shredded cheese light with rice",103,24.49
"shredded chunky garbanzo beans",94,37.13
"Chinese green beans",96,140.6
"Chinese cheese with potatoes",123,318.59
"shredded baked beans with chocolate",104,66.12
"refried baked beans with pasta",23,308.01
"turkey baked mild pork with eggs",109,39.69
"turkey MSG-free chocolate",35,287.29
"Chinese chicken mild light bacon",43,67.24
"turkey spicy beans with little pickled vegetables",103,268.1
"cookies beef with pickled vegetables",17,110.63
"turkey cheese light bacon",74,193.61
"Chinese baked breast with potatoes",32,333.43
"refried beans with chocolate",7,279.83
"refried spicy chunky little with eggs",115,207.44
"Chinese baked cookies pasta",66,440.3
"shredded chicken chunky beef with eggs",124,76.79
"refried baked chicken breast with gravy",106,335.02
"spicy MSG-free with potatoes",86,7.8
"spicy MSG-free little with rice",98,296.72
"Chinese chicken beef with pickled vegetables",120,244.19
"Chinese baked beans with green beans",24,406.82
"refried garbanzo beans",120,36.71
"refried MSG-free pork gravy",26,365.35
"shredded baked mild beef with gravy",126,25.58
"turkey baked delicious pork with rice",85,267.12
"Chinese refried delicious little with eggs",62,417.82
"turkey spicy MSG-free light bacon",46,214.81
"turkey baked delicious little with eggs",20,165.53
"spicy MSG-free light bacon",113,97.13
"Chinese refried chicken breast with eggs",95,243.77
"shredded refried cookies beef with eggs",83,89.62
"refried cookies pork gravy",89,406.12
"Chinese baked chicken breast with bacon",18,452.27
"refried chicken mild with potatoes",37,8.56
"turkey baked cookies garbanzo beans",117,372.51
"refried cheese delicious beef with eggs",9,177.98
"shredded spicy cookies light bacon",34,360.94
"Chinese chocolate",72,152.85
"turkey chunky little with eggs",91,187.56
"turkey baked pork gravy",56,181.39
"cookies little shredded mansion",104,235.65
"refried spicy beef with pickled vegetables",93,10.86
"Chinese spicy breast green beans",76,254.82
"Chinese baked light pickled vegetables",86,252.82
"Chinese baked breast whole corn",20,327.18
"turkey refried beans with pork with eggs",118,337.54
"shredded cheese beans with light with rice",37,430.51
"shredded chicken garbanzo beans",109,239.4
"refried cheese breast lasagna",23,364.44
"refried cheese MSG-free light with eggs",16,295.47
"Chinese baked cookies light green beans",117,176.55
"turkey mild light with rice",61,386.24
"Chinese cheese delicious beef with gravy",39,151.65
"Chinese refried delicious little shredded mansion",41,325.21
"Chinese beans with light with eggs",39,193.48
"shredded chicken MSG-free pasta",36,72.38
"refried chunky chocolate",26,191.31
"spicy mild little pickled vegetables",93,207.59
"shredded spicy mild light with rice",85,228.93
"Chinese MSG-free lasagna",44,25.09
"Chinese cheese delicious whole corn",15,180.82
"mild little pickled vegetables",106,125.44
"MSG-free light with rice",128,134.96
"Chinese baked MSG-free beans",85,404.32
"turkey chicken delicious pork with rice",31,409.36
"Chinese chicken with potatoes",89,84.04
"Chinese chunky beans",97,467.21
"turkey spicy green beans",49,131.02
"shredded baked cookies little shredded mansion",13,165.2
"refried spicy beef with eggs",102,5.14
"spicy mild light with rice",9,149.52
"Chinese spicy beef with pickled vegetables",80,100.66
"Chinese spicy beef with gravy",15,94.44
"turkey chicken green beans",94,237.7
"shredded chicken mild light bacon",68,314.25
"turkey spicy MSG-free beef with pickled vegetables",86,157.22
"Chinese MSG-free light green beans",117,107.39
"Chinese cheese chunky with potatoes",6,165.45
"refried spicy beans with chocolate",94,83.81
"refried cheese cookies pasta",126,433.97
"chicken beans with vegetables",123,207.73
"Chinese chicken delicious green beans",88,87.91
"Chinese green beans",125,444.65
"Chinese refried little pickled vegetables",10,185.24
"shredded spicy MSG-free beef with bacon",93,442.66
"Chinese baked beans with nuggets",2,341.58
"refried MSG-free beef with bacon",54,140.5
"Chinese spicy delicious beef with green beans",120,185.24
"chicken mild beef with bacon",58,135.01
"refried baked MSG-free light pickled vegetables",68,305.82
"refried chicken cookies pork gravy",110,408.55
"shredded chicken chicken breast with green beans",28,160.73
"Chinese baked whole corn",109,462.6
"shredded chicken beans with light pickled vegetables",56,357.25
"Chinese chunky drumsticks bacon",48,83.18
"Chinese delicious beef with green beans",93,48.03
"turkey chicken chunky pork with eggs",111,108.95
"Chinese chunky beef with pickled vegetables",86,16.98
"shredded MSG-free beef with gravy",117,415.67
"Chinese spicy chicken breast with bacon",103,458.75
"Chinese cheese breast little pickled vegetables",76,357.91
"turkey cheese delicious beef with bacon",80,71.48
"spicy cookies whole corn",9,248.27
"refried refried mild green beans",89,36.46
"Chinese chicken cookies with potatoes",3,416.32
"turkey refried beans with little pickled vegetables",38,158.35
"turkey spicy chunky chocolate",80,401.29
"shredded spicy MSG-free pork gravy",77,388.37
"Chinese baked beans with light pickled vegetables",79,94.94
"cheese beans with garbanzo beans",111,424.31
"Chinese MSG-free little with eggs",82,78.39
"refried refried beans with beef with pickled vegetables",18,229.47
"baked mild little with eggs",33,71.18
"turkey baked delicious beef with gravy",120,179.65
"refried MSG-free pasta",54,9.89
"shredded cheese breast light bacon",47,94.19
"refried refried chunky beef with bacon",43,381.55
"shredded breast whole corn",91,142.43
"shredded baked mild nuggets",33,420.72
"refried refried MSG-free beans",20,78.94
"Chinese spicy delicious beef with gravy",124,195.53
"shredded chicken cookies beef with eggs",28,384.93
"Chinese spicy beans with little pickled vegetables",105,395.7
"Chinese spicy light green beans",77,311.66
"turkey MSG-free pork gravy",92,259.07
"Chinese breast light with eggs",4,257.54
"refried refried beef with gravy",81,165.41
"refried refried delicious pork gravy",32,68.58
"turkey baked with potatoes",74,286.5
"Chinese cheese delicious pork with rice",54,129.77
"shredded chicken breast with pickled vegetables",73,314.97
"Chinese chicken mild pork with rice",97,339.02
"Chinese refried MSG-free chocolate",36,289.49
"shredded refried delicious green beans",109,329.71
"refried refried chunky lasagna",79,13.24
"Chinese chicken beans with pork gravy",70,179.69
"refried refried beans with lasagna",8,466.21
"refried little with eggs",101,53.74
"baked MSG-free beef with green beans",105,297.69
"Chinese cheese delicious light pickled vegetables",68,70.12
"Chinese baked breast beans",85,102.08
"Chinese spicy breast pork with rice",69,289.31
"Chinese mild pasta",102,86.38
"shredded baked mild pork with eggs",31,179.34
"shredded breast little pickled vegetables",37,426.33
"Chinese baked cookies light with eggs",108,128.49
"Chinese chicken mild light with eggs",117,177.37
"shredded cheese MSG-free green beans",68,138.12
"Chinese spicy little with rice",49,231.18
"chunky drumsticks green beans",110,305.49
"refried beans with light green beans",69,453.88
"Chinese chicken beef with gravy",88,73.94
"shredded refried MSG-free pork with eggs",77,306.18
"Chinese refried mild beef with bacon",39,247.02
"Chinese chunky lasagna",121,154.02
"Chinese refried delicious chocolate",127,43.45
"turkey baked beans with green beans",1,441.12
"Chinese spicy light green beans",18,22.57
"refried spicy breast pasta",57,420.53
"Chinese cheese beans with chocolate",51,227.81
"refried chicken mild lasagna",89,34.34
"Chinese cheese chunky drumsticks with rice",90,476.24
"shredded spicy light with rice",30,40.23
"refried cheese pasta",66,175.89
"shredded beans with vegetables",24,76.93
"Chinese refried little with eggs",36,423.76
"Chinese cheese mild pasta",15,338.43
"Chinese chicken mild beef with green beans",115,402.19
"shredded baked chunky green beans",82,238.86
"turkey breast lasagna",49,232.95
"refried beans with beef with gravy",67,343.62
"refried cheese delicious little with eggs",114,186.92
"refried refried mild little with eggs",41,444.9
"Chinese spicy mild beef with pickled vegetables",65,139.27
"Chinese spicy beans with green beans",111,42.57
"spicy mild green beans",121,450.58
"Chinese cheese light green beans",71,463.93
"shredded spicy mild pork gravy",61,471.44
"baked breast chocolate",12,237.11
"refried baked chunky whole corn",109,320.26
"baked little with eggs",18,295.09
"Chinese cheese mild little pickled vegetables",123,294.96
"Chinese beans with nuggets",2,382.79
"refried cheese breast light bacon",26,159.91
"refried refried light with rice",101,442.78
"refried cookies nuggets",124,457.86
"shredded baked MSG-free whole corn",108,459.26
"refried spicy MSG-free vegetables",52,430.22
"turkey baked mild pasta",53,22.16
"turkey baked breast pork with eggs",36,404.55
"Chinese baked garbanzo beans",32,277.22
"Chinese cookies green beans",70,298.87
"refried spicy mild nuggets",94,284.77
"Chinese spicy beans with light green beans",33,399.24
"shredded chicken cookies pork with rice",99,437.79
"Chinese chicken breast vegetables",109,139.8
"Chinese refried little pickled vegetables",108,415.73
"Chinese baked breast light with rice",19,195.84
"shredded spicy beans with pork with rice",21,17.87
"Chinese delicious beef with gravy",35,379.75
"Chinese chicken chunky pasta",7,304.33
"Chinese refried mild pork with eggs",116,223.32
"turkey cheese delicious beef with green beans",16,99.47
"Chinese chicken chunky little pickled vegetables",124,320.18
"turkey refried cookies green beans",84,418.45
"turkey spicy chunky little with eggs",20,431.51
"baked beans with beef with eggs",48,414.78
"refried spicy delicious vegetables",94,51.21
"refried spicy beans with beef with gravy",98,346.06
"turkey spicy cookies pork with eggs",111,127.29
"turkey cookies beef with bacon",67,450.82
"chicken MSG-free chocolate",45,18.41
"refried refried little with rice",70,133.04
"turkey chicken MSG-free light with rice",39,121.84
"shredded baked cookies little pickled vegetables",65,27.21
"refried refried little pickled vegetables",115,364.81
"Chinese cheese pork with rice",69,400.52
"Chinese chicken little shredded mansion",48,297.51
"shredded refried mild little pickled vegetables",41,166.86
"spicy breast little with rice",56,197.41
"shredded refried with potatoes",3,341.63
"chicken beans with green beans",61,320.02
"Chinese spicy chunky beef with bacon",39,41.99
"shredded chicken beans with with potatoes",5,434.14
"baked delicious beef with gravy",34,104.42
"Chinese baked breast little with rice",42,252.5
"Chinese chicken beans with little with eggs",121,58.86
"Chinese cheese chicken breast with pickled vegetables",66,209.84
"turkey cheese pork with rice",127,93.71
"shredded baked delicious beef with green beans",11,67.6
"Chinese baked MSG-free beef with eggs",41,309.88
"refried chicken chunky beef with gravy",74,77.78
"chicken breast with gravy",111,399.98
"refried pork gravy",68,325.45
"refried refried delicious green beans",55,408.28
"Chinese refried vegetables",39,249.37
"spicy cookies beef with bacon",75,347.46
"Chinese spicy mild pork with eggs",79,389
"Chinese refried cookies whole corn",104,193.78
"shredded refried delicious with potatoes",42,197.57
"refried beans with pork with eggs",45,285
"shredded refried beans with light with rice",84,463.48
"Chinese mild pork with eggs",116,234.81
"refried mild pasta",14,173.82
"cheese breast light with rice",128,271.55
"Chinese delicious light with eggs",23,436.43
"refried refried chunky little with rice",72,17.64
"Chinese baked vegetables",83,137.97
"refried refried beans with beef with green beans",101,192.87
"turkey chicken delicious pasta",93,345.29
"Chinese spicy breast pork with eggs",111,68.65
"cheese mild green beans",39,351.08
"chicken breast pork gravy",4,273.38
"baked whole corn",126,76.1
"refried chicken MSG-free lasagna",80,81.17
"spicy little with rice",102,242.9
"baked beans with beef with green beans",40,162.65
"refried refried delicious light with eggs",11,100.08
"Chinese refried MSG-free pasta",71,339.09
"refried cheese MSG-free little with eggs",5,410.34
"Chinese baked MSG-free little pickled vegetables",96,284.1
"Chinese refried delicious beef with eggs",116,91.18
"cheese breast little with rice",118,250.95
"Chinese refried garbanzo beans",59,384.21
"beans with chocolate",43,45.28
"cheese cookies little with eggs",112,39.33
"Chinese baked cookies garbanzo beans",110,399.12
"refried delicious light with eggs",11,188.2
"baked delicious little pickled vegetables",124,185.6
"turkey refried chocolate",17,189.06
"turkey baked nuggets",127,146.92
"spicy chicken breast with pickled vegetables",87,191.01
"Chinese spicy beef with green beans",73,204.5
"Chinese cheese chunky beef with green beans",108,81.63
"Chinese cheese delicious light green beans",98,390.95
"Chinese chicken cookies pasta",122,153.64
"turkey spicy beans with beef with gravy",67,55.25
"turkey chicken chocolate cookies",125,43.63
"shredded chunky beef with gravy",76,108.99
"refried cheese delicious green beans",114,155.41
"turkey baked delicious light with rice",31,389.77
"Chinese cheese beans with vegetables",69,341.45
"refried spicy MSG-free pasta",38,58.53
"Chinese chicken cookies little with eggs",75,440.26
"chicken MSG-free beef with eggs",34,441.26
"refried cookies vegetables",119,449.2
"turkey delicious little with rice",115,450.08
"Chinese refried cookies little shredded mansion",44,411.09
"turkey cheese chunky garbanzo beans",118,3.97
"Chinese spicy chunky beans",80,307.57
"shredded chicken whole corn",101,203.15
"Chinese chicken chunky whole corn",59,5.18
"Chinese refried delicious vegetables",36,467.34
"turkey refried little with rice",118,273.31
"turkey spicy cookies light pickled vegetables",126,448.27
"turkey refried mild pork with eggs",37,398.2
"Chinese baked beans with little with rice",111,62.46
"refried chicken garbanzo beans",69,229.51
"Chinese refried beans with whole corn",111,228.09
"refried refried beans with little shredded mansion",66,28.24
"refried MSG-free light bacon",125,382.02
"Chinese chicken mild garbanzo beans",13,294.07
"refried cheese delicious light with eggs",10,244.68
"chicken chicken breast with gravy",61,160.3
"turkey chicken little pickled vegetables",28,308.89
"shredded baked breast light with eggs",34,166.29
"chicken mild little shredded mansion",93,185.86
"Chinese chicken green beans",126,275.16
"refried cookies with potatoes",117,216.99
"Chinese spicy breast little shredded mansion",100,259.88
"turkey cheese MSG-free chocolate",101,182.25
"chicken beans with beef with gravy",19,412.4
"shredded MSG-free garbanzo beans",97,455.49
"cheese beans with vegetables",95,316.3
"Chinese chicken MSG-free nuggets",43,348.75
"refried cheese delicious beef with gravy",38,212.08
"turkey refried cookies beef with pickled vegetables",16,60.14
"shredded cheese chunky little with eggs",51,185.58
"shredded baked chicken breast with green beans",52,306.73
"Chinese chicken beans with green beans",26,354.72
"refried chicken beans with little pickled vegetables",34,420.05
"Chinese baked chunky little pickled vegetables",102,287.26
"shredded cheese MSG-free beans",61,7.36
"turkey cheese MSG-free beans",78,158.75
"turkey refried delicious vegetables",97,55.95
"turkey baked beans with whole corn",110,317.19
"beans with light with rice",112,390.05
"turkey refried with potatoes",40,435.41
"shredded chicken delicious chocolate",27,475.62
"refried baked beef with bacon",7,31.58
"shredded refried mild beef with gravy",107,392.63
"shredded refried pork with rice",19,384.8
"Chinese spicy nuggets",63,42.09
"Chinese chunky garbanzo beans",53,451.64
"Chinese spicy delicious light bacon",14,415.28
"shredded chicken delicious pork with rice",57,120.59
"shredded mild whole corn",108,263.81
"refried chicken breast with potatoes",16,242.03
"shredded spicy beef with gravy",8,133.73
"spicy breast pasta",106,320.22
"shredded refried MSG-free vegetables",23,236.1
"spicy breast beans",95,430.77
"turkey spicy chicken breast with green beans",68,90.43
"shredded delicious chocolate",37,462.09
"shredded chicken delicious beef with bacon",107,466.09
"Chinese spicy mild whole corn",27,15.31
"Chinese chunky beef with pickled vegetables",27,211.13
"refried cheese green beans",107,181.46
"Chinese chicken light bacon",48,207.5
"turkey spicy chunky pork with eggs",92,99.73
"refried beans with pork with rice",62,273.69
"refried chicken breast pasta",59,160.28
"Chinese cookies vegetables",16,304.79
"turkey refried cookies beef with bacon",25,370.61
"Chinese baked cookies nuggets",14,199.04
"shredded refried delicious nuggets",101,322.06
"turkey chicken chicken breast with green beans",68,455.05
"refried spicy beans with lasagna",54,119.26
"refried cheese cookies beef with gravy",42,284.68
"refried refried delicious garbanzo beans",99,40.74
"refried cheese lasagna",120,230.2
"refried spicy beans with pasta",82,88.46
"refried baked breast chocolate",43,427.34
"shredded spicy beans with lasagna",121,433.22
"turkey cheese breast little with rice",115,134.28
"refried spicy mild beef with gravy",100,167.05
"refried spicy cookies beef with eggs",94,326.03
"baked cookies beans",123,444.95
"Chinese delicious little pickled vegetables",28,191.21
"cheese delicious beef with gravy",126,405.37
"refried MSG-free whole corn",11,362.24
"MSG-free green beans",24,24.44
"chicken delicious little with rice",115,84.6
"turkey cheese chicken breast with pickled vegetables",44,132.61
"refried beans with whole corn",118,353.34
"shredded refried MSG-free light with eggs",23,37.52
"shredded refried nuggets",27,301.26
"refried refried little shredded mansion",103,128.9
"refried beans with little with eggs",98,208.74
"Chinese MSG-free light with rice",92,42.65
"refried delicious little with eggs",110,216.77
"shredded refried chunky beans",73,266.01
"shredded chunky drumsticks with eggs",8,150.47
"shredded beans with beef with gravy",9,62.55
"Chinese baked mild light pickled vegetables",33,168.16
"shredded cheese delicious beef with green beans",4,204.98
"turkey cheese beans with lasagna",107,134.48
"Chinese baked beans with beans",126,326.92
"shredded cheese MSG-free pork with eggs",5,469.33
"shredded spicy delicious beef with eggs",43,412.37
"spicy mild light green beans",7,163.6
"shredded spicy chunky beef with green beans",80,115.38
"refried chicken breast little with eggs",116,52.59
"turkey chicken pork gravy",7,364.31
"chicken delicious vegetables",114,110.69
"Chinese baked delicious green beans",33,396.15
"refried baked cookies beans",31,396.64
"refried spicy chocolate",122,151.17
"chicken beans with garbanzo beans",106,166.86
"shredded refried cookies beef with pickled vegetables",127,27.71
"Chinese chicken MSG-free light bacon",76,311.64
"Chinese spicy beans with pork gravy",82,312.86
"shredded refried beans with whole corn",14,324.57
"spicy delicious garbanzo beans",59,229.63
"shredded chicken breast with bacon",116,465.9
"turkey breast whole corn",90,78.97
"Chinese chicken delicious beef with green beans",63,200.44
"Chinese chicken beef with eggs",55,383.39
"refried MSG-free little with rice",68,181.65
"turkey cheese chunky little with rice",76,406.17
"Chinese spicy breast light with rice",122,248.79
"chicken breast little with eggs",69,175.34
"shredded cheese mild garbanzo beans",33,167.04
"chicken mild pork with eggs",5,427.52
"refried mild pork gravy",101,100.89
"turkey cheese chicken breast with eggs",56,382.81
"turkey baked delicious with potatoes",114,190.46
"Chinese chicken delicious pork with rice",91,187.76
"cookies light with eggs",37,221.54
"turkey cheese MSG-free little with eggs",45,130.48
"turkey chicken beans with little pickled vegetables",4,80.49
"shredded breast pasta",116,351.95
"shredded beans with light with eggs",62,339.53
"Chinese refried cookies pork with eggs",48,204.17
"shredded refried delicious green beans",121,334.23
"turkey refried mild little shredded mansion",8,164.48
"Chinese cheese beans with light pickled vegetables",73,376.98
"Chinese refried vegetables",99,55.58
"chicken nuggets",25,360.35
"little shredded mansion",63,152.02
"Chinese baked cookies whole corn",74,330.87
"shredded beans with light bacon",90,274.58
"shredded cheese cookies with potatoes",7,103.12
"refried refried chicken breast with bacon",66,388.69
"shredded breast light pickled vegetables",53,285.99
"refried delicious green beans",87,84.85
"Chinese chicken pork with eggs",79,65.07
"shredded spicy mild light green beans",113,153.81
"shredded chunky little with rice",35,296.76
"cheese MSG-free garbanzo beans",50,87.79
"shredded MSG-free light with eggs",99,64.57
"cheese beans with pasta",20,353.17
"turkey delicious whole corn",71,306.56
"turkey refried delicious pork gravy",33,136.88
"turkey delicious light with rice",28,107.49
"turkey refried MSG-free pork with eggs",93,384.69
"refried chunky drumsticks with eggs",57,412.92
"refried chicken beans with green beans",29,448.2
"turkey mild light with eggs",92,412.15
"refried baked cookies light with rice",98,402.12
"Chinese refried MSG-free pork with rice",97,107.26
"cheese cookies beef with pickled vegetables",59,300.78
"refried spicy MSG-free beef with gravy",28,340.01
"Chinese little shredded mansion",22,446.91
"turkey baked little pickled vegetables",102,443.84
"Chinese baked beef with pickled vegetables",74,415.65
"mild green beans",71,274.79
"Chinese spicy beans with with potatoes",16,451.96
"refried chicken mild vegetables",78,464.76
"turkey spicy MSG-free with potatoes",107,84.39
"refried cookies light green beans",72,127.72
"shredded baked chunky pork with eggs",3,340.28
"Chinese spicy cookies light with rice",114,398.18
"turkey baked delicious little pickled vegetables",8,136.19
"shredded cheese beans with green beans",118,134.15
"turkey chunky drumsticks with eggs",126,71.11
"cheese delicious pork gravy",101,6.18
"shredded baked cookies beef with gravy",86,355.03
"refried cheese beans with pork with rice",95,183.77
"spicy mild whole corn",107,209.93
"shredded refried mild beef with eggs",35,324.16
"turkey chicken breast vegetables",13,90.59
"refried refried mild little with rice",13,452.55
"shredded spicy breast chocolate",102,393.1
"Chinese baked mild little with rice",34,216.27
"turkey chicken cookies beef with eggs",93,173.93
"refried chunky beef with eggs",50,30.4
"Chinese refried beans with with potatoes",124,149.03
"shredded spicy cookies pasta",60,226.38
"Chinese delicious little shredded mansion",57,135.36
"Chinese refried mild beef with gravy",52,376.05
"baked mild beef with gravy",66,301.93
"shredded chicken mild beef with bacon",13,231.98
"spicy green beans",19,129.88
"refried baked beans with green beans",23,98.83
"Chinese delicious garbanzo beans",99,454.23
"baked chunky whole corn",46,36.02
"spicy mild beef with pickled vegetables",106,36.89
"Chinese refried delicious garbanzo beans",8,235.14
"refried spicy mild with potatoes",20,384.27
"Chinese cheese mild beef with eggs",109,9.86
"shredded baked chunky pork with rice",55,214.04
"Chinese spicy beef with green beans",15,3.9
"refried chicken cookies pork with eggs",86,98.61
"refried spicy mild chocolate",80,431.75
"shredded refried beans with beef with pickled vegetables",89,90.83
"Chinese cheese delicious little with rice",4,226.63
"Chinese cheese little shredded mansion",71,8.35
"Chinese beans with chocolate",106,385.49
"Chinese refried light pickled vegetables",30,410.05
"turkey delicious pasta",37,417.58
"refried chicken delicious light with rice",70,171.35
"Chinese baked pork gravy",100,439.43
"refried chicken MSG-free little shredded mansion",6,405.25
"refried cheese delicious light green beans",114,463.67
"shredded baked delicious green beans",100,223.23
"Chinese cheese breast chocolate",108,252.17
"breast garbanzo beans",16,404.91
"refried baked chunky beef with pickled vegetables",37,174.95
"baked chunky beans",30,142.74
"chicken cookies beef with eggs",71,201.98
"refried refried chunky beef with green beans",56,476.77
"refried refried pork gravy",40,180.56
"Chinese refried delicious little with rice",90,456.18
"refried refried delicious lasagna",94,381.1
"refried mild garbanzo beans",44,397.87
"turkey beef with eggs",94,210.88
"shredded breast nuggets",124,131.69
"spicy chunky with potatoes",83,432.42
"refried chunky vegetables",74,109.01
"shredded spicy beans with with potatoes",57,128.64
"shredded baked beans with pasta",66,177.72
"turkey chicken breast light with rice",25,404.33
"shredded baked delicious beef with eggs",26,216.26
"refried light bacon",116,198.13
"Chinese cheese cookies beef with bacon",94,333.5
"mild little with eggs",16,147.2
"turkey cheese cookies beef with eggs",38,150.86
"spicy cookies beef with eggs",88,400.68
"turkey chicken chunky little with eggs",100,75.63
"turkey baked delicious little shredded mansion",51,29.77
"shredded with potatoes",85,327.55
"refried chicken chunky with potatoes",17,122.77
"turkey refried chunky beef with bacon",122,137.99
"Chinese baked chunky green beans",118,70.7
"Chinese baked chunky little pickled vegetables",39,359.96
"shredded chicken MSG-free pork gravy",90,119.26
"shredded cheese delicious beef with gravy",128,50.58
"Chinese spicy beans with whole corn",42,429.6
"Chinese refried delicious beef with bacon",124,396.15
"refried cheese chunky drumsticks green beans",15,104.39
"shredded chicken mild little shredded mansion",83,415.22
"Chinese cheese MSG-free lasagna",29,47.1
"Chinese refried MSG-free beef with green beans",79,49.66
"Chinese chicken cookies pork with rice",90,80.37
"Chinese refried beans with beef with eggs",79,5.43
"Chinese mild beans",17,135.31
"chicken light with eggs",75,52.96
"shredded cheese chunky beef with green beans",54,54.79
"turkey spicy chunky beef with eggs",46,249.75
"baked delicious pork with rice",31,388.66
"Chinese chicken MSG-free chocolate",95,438.88
"refried chunky chocolate",85,118.34
"turkey chunky drumsticks with rice",100,236.75
"cookies beef with eggs",91,329.18
"turkey MSG-free light green beans",18,430.48
"Chinese chicken MSG-free with potatoes",23,81.94
"turkey chicken chunky pork with rice",44,220.46
"Chinese chicken delicious chocolate",60,275.27
"shredded refried mild lasagna",90,454.22
"refried pasta",113,47.15
"Chinese delicious light pickled vegetables",13,109.94
"refried chunky green beans",94,344.85
"Chinese chicken beans with pasta",60,255.62
"refried chicken chunky green beans",24,92.08
"Chinese beans with beef with eggs",59,35.19
"refried cheese beans with green beans",5,204.53
"turkey spicy delicious beef with gravy",60,50.28
"turkey MSG-free light with eggs",35,345.75
"shredded spicy beans with light green beans",50,222.59
"refried baked breast pasta",59,41.54
"Chinese baked chunky little with rice",126,267.96
"Chinese cheese breast light green beans",39,138.3
"Chinese baked cookies green beans",47,211.01
"refried delicious beef with gravy",3,305.96
"spicy mild green beans",75,150.98
"Chinese baked beef with gravy",125,236.67
"turkey chicken beans with green beans",63,247.56
"Chinese cheese whole corn",116,63.15
"refried cheese chunky beef with gravy",110,364.27
"baked breast light pickled vegetables",59,269.31
"Chinese refried chunky with potatoes",42,229.96
"Chinese cheese cookies green beans",72,440.22
"turkey spicy cookies lasagna",126,105.83
"shredded spicy chunky nuggets",73,447.18
"refried cheese chocolate",55,365.96
"Chinese cheese cookies with potatoes",46,42.05
"Chinese pork with rice",113,350.01
"refried chicken beef with green beans",9,223.61
"turkey MSG-free green beans",127,279.27
"turkey cheese delicious pork with rice",90,70.32
"turkey chicken chunky drumsticks with rice",5,439.78
"refried refried chunky little shredded mansion",51,65.32
"spicy chunky beef with bacon",35,415.06
"turkey vegetables",50,38.36
"Chinese baked delicious chocolate",14,81.72
"Chinese spicy beans with beef with eggs",35,183.44
"cheese chunky drumsticks green beans",127,253.49
"refried refried light with eggs",126,244.27
"baked MSG-free beef with pickled vegetables",91,359.3
"Chinese spicy pork with eggs",41,233.25
"Chinese baked cookies light bacon",29,33.75
"shredded chicken cookies garbanzo beans",33,108.05
"Chinese cookies little with rice",14,127.11
"Chinese baked mild green beans",117,4.78
"refried chicken MSG-free light bacon",26,351.45
"Chinese chicken mild light green beans",34,396.86
"turkey cheese with potatoes",97,59.38
"shredded delicious beans",17,92.88
"baked cookies pork gravy",58,317.19
"refried beans with garbanzo beans",33,393.61
"Chinese chicken delicious whole corn",110,126.85
"refried baked breast vegetables",48,222.63
"chicken MSG-free lasagna",66,143.03
"turkey cheese chunky whole corn",117,105.66
"Chinese cheese mild green beans",61,309.07
"refried cookies beef with green beans",16,211.56
"cheese chunky beef with bacon",127,394.19
"refried baked beef with green beans",123,98.19
"spicy cookies beef with pickled vegetables",16,177.61
"spicy delicious chocolate",57,1.26
"cheese beans with beef with pickled vegetables",69,45.73
"refried spicy MSG-free light with rice",57,464.94
"refried chicken breast with pickled vegetables",64,181.81
"refried spicy chunky lasagna",69,429.78
"cheese delicious light bacon",104,442.52
"shredded refried chocolate",52,92.35
"refried MSG-free little shredded mansion",38,81.34
"shredded spicy chunky little with eggs",77,145.98
"Chinese refried cookies beans",68,5.62
"turkey cheese beans with green beans",69,420.09
"shredded chicken beans with beef with gravy",71,397.72
"chicken breast garbanzo beans",107,319.91
"cheese delicious light with rice",55,417.82
"baked vegetables",55,234.46
"Chinese refried cookies pasta",53,365.62
"Chinese cheese delicious beef with eggs",92,476.83
"Chinese spicy chocolate cookies",99,349.92
"turkey baked beans with light pickled vegetables",29,236.71
"shredded cheese mild light green beans",41,161.05
"turkey chicken delicious little shredded mansion",108,208.25
"refried little shredded mansion",75,124.94
"turkey MSG-free light with rice",53,407.06
"Chinese chunky beef with green beans",73,262.99
"Chinese delicious little with rice",111,24.66
"turkey cheese chunky drumsticks bacon",120,428.37
"Chinese baked mild little shredded mansion",80,8.65
"refried refried light green beans",48,196.79
"turkey baked beef with gravy",37,247.4
"shredded baked garbanzo beans",51,166.51
"refried beans with pork with rice",87,133.53
"chicken MSG-free vegetables",30,322.17
"Chinese cheese chocolate",105,454.56
"chicken MSG-free whole corn",59,372.1
"turkey baked MSG-free beef with gravy",124,212.51
"Chinese MSG-free light with rice",5,265.07
"turkey chicken light pickled vegetables",82,304.17
"cheese cookies pork with rice",96,40.75
"shredded spicy mild beef with bacon",42,433.22
"Chinese refried chicken breast with bacon",30,300.59
"Chinese baked chunky lasagna",117,397.7
"Chinese chicken beans with with potatoes",60,286.98
"shredded spicy little with eggs",25,456.74
"turkey baked mild little pickled vegetables",47,193.73
"Chinese cookies pasta",21,169.23
"shredded baked beans with little shredded mansion",124,195.69
"cheese chunky little shredded mansion",42,140.66
"Chinese chicken cookies lasagna",64,435.37
"shredded baked beef with eggs",52,350.29
"mild nuggets",96,27.8
"turkey chicken cookies beans",87,391.09
"spicy MSG-free green beans",36,152.74
"Chinese MSG-free pasta",65,139.24
"Chinese MSG-free beef with eggs",5,234.22
"turkey refried delicious beef with bacon",60,267.3
"refried cookies little with rice",115,277.71
"turkey refried beans with light with eggs",73,54.34
"turkey spicy beans with garbanzo beans",65,245.48
"turkey chicken delicious light with rice",128,244.78
"refried chicken beef with bacon",101,418.6
"cheese little with rice",107,208.27
"refried cheese mild beef with green beans",13,388.19
"cheese little shredded mansion",98,346
"chicken beef with gravy",55,202.07
"refried refried cookies beans",85,81.94
"refried refried MSG-free light with rice",2,78.27
"turkey spicy beans with with potatoes",115,457.19
"shredded baked mild lasagna",58,331.54
"Chinese refried chunky drumsticks with eggs",57,63.94
"chicken mild beef with green beans",66,15.82
"chicken delicious green beans",39,375.65
"cheese chocolate",128,56.23
"Chinese spicy beans with chocolate",10,379.33
"chicken delicious little pickled vegetables",126,394.47
"Chinese chicken breast light green beans",117,5.65
"Chinese baked chunky pork with rice",119,211.47
"Chinese baked whole corn",33,47.32
"spicy mild pork gravy",55,85.32
"Chinese spicy chunky drumsticks with rice",11,17.96
"refried chicken breast pork gravy",42,166.83
"refried chicken beans with beef with gravy",95,105.07
"Chinese spicy breast green beans",59,460.49
"Chinese baked beans with little shredded mansion",125,375.07
"Chinese cookies light green beans",117,220.37
"Chinese chicken delicious lasagna",75,140.05
"refried baked breast pork with eggs",79,390.31
"Chinese chicken beans with pork gravy",21,448.92
"Chinese baked delicious little shredded mansion",97,379.47
"Chinese chicken green beans",81,400.35
"Chinese chicken cookies vegetables",88,34.14
"shredded spicy breast vegetables",48,442.26
"turkey breast pork with rice",10,119.6
"refried spicy chunky little shredded mansion",26,151.78
"Chinese spicy chicken breast with pickled vegetables",93,34.38
"Chinese cheese chicken breast with green beans",113,399.07
"shredded refried beans with chocolate",75,147.9
"turkey cheese MSG-free green beans",34,17.49
"shredded spicy little pickled vegetables",115,60.7
"shredded spicy beans with beef with green beans",80,284.02
"Chinese baked delicious green beans",123,437.36
"spicy chunky pork gravy",58,401.86
"refried refried beans with beef with bacon",55,222.6
"Chinese refried chicken breast with gravy",88,231.44
"refried chicken beans with light with rice",13,380.43
"Chinese chicken mild beef with pickled vegetables",15,327.4
"Chinese cookies pork gravy",53,383.88
"shredded refried MSG-free beef with green beans",47,439.89
"MSG-free light bacon",8,449.7
"shredded refried cookies green beans",116,417.64
"Chinese refried chunky beef with eggs",16,10.73
"refried cheese mild garbanzo beans",18,75.43
"baked mild pork with rice",100,286.36
"turkey baked garbanzo beans",9,151.8
"shredded baked MSG-free beef with green beans",57,385.82
"refried cheese delicious beef with bacon",69,427.7
"delicious pork with rice",15,161.42
"refried cookies beef with bacon",96,466.55
"refried refried delicious beef with green beans",12,53.83
"turkey beans with beef with gravy",83,411.01
"Chinese chicken MSG-free green beans",70,22.09
"Chinese cheese cookies pasta",84,259.54
"Chinese refried MSG-free chocolate",104,361.53
"shredded baked breast garbanzo beans",25,382.01
"shredded baked delicious green beans",27,325.85
"spicy delicious beans",87,63.41
"turkey cheese beans with pasta",31,324.43
"shredded chicken chunky vegetables",68,357.65
"Chinese cheese chunky pasta",116,343.49
"Chinese spicy delicious light with eggs",92,315.83
"turkey cheese cookies beef with green beans",7,86.56
"Chinese spicy MSG-free beef with bacon",7,325.26
"shredded baked cookies beef with bacon",7,203.06
"chicken chunky little with rice",102,418.02
"turkey cheese breast with potatoes",62,289.8
"mild light green beans",122,139.25
"refried chicken mild light with eggs",65,468.33
"Chinese refried delicious beans",105,112.99
"chicken cookies lasagna",98,115.69
"shredded cheese cookies beef with gravy",33,323.45
"refried refried MSG-free beef with gravy",110,24.29
"refried chicken cookies green beans",73,359.99
"shredded chicken cookies beef with pickled vegetables",6,32.83
"refried spicy cookies green beans",113,126.75
"turkey spicy cookies beef with pickled vegetables",28,20.52
"refried chunky pasta",8,377.62
"spicy mild little with rice",45,283.91
"Chinese spicy mild light with rice",13,68.28
"refried chicken chunky garbanzo beans",118,307.28
"shredded spicy chunky beef with pickled vegetables",24,271.11
"shredded spicy mild little shredded mansion",46,216.83
"Chinese cheese beans with with potatoes",101,78.5
"Chinese delicious lasagna",119,64.53
"baked chunky garbanzo beans",69,276.66
"chicken chunky beef with bacon",92,189.35
"shredded baked beans with light green beans",91,49.56
"Chinese refried light pickled vegetables",119,368.73
"turkey cheese MSG-free vegetables",95,159.89
"refried baked delicious light with rice",82,313.58
"Chinese chicken MSG-free vegetables",78,320.78
"refried delicious light with eggs",34,59.88
"Chinese refried beans with beef with bacon",3,78.51
"Chinese cheese chunky chocolate",23,362.78
"Chinese chicken MSG-free light pickled vegetables",110,360.07
"Chinese delicious light bacon",8,268.2
"Chinese cheese chunky pasta",106,207.91
"Chinese cheese cookies little shredded mansion",34,329.96
"shredded spicy cookies beef with green beans",93,119.83
"shredded spicy light green beans",107,308.2
"shredded spicy MSG-free green beans",57,272.83
"Chinese spicy breast with potatoes",104,427.29
"Chinese baked beans with light with eggs",101,431
"turkey chicken chunky lasagna",80,371.36
"Chinese refried chunky drumsticks green beans",37,274.32
"shredded spicy MSG-free pork with rice",80,5.38
"Chinese refried mild garbanzo beans",110,4.84
"Chinese spicy chicken breast with green beans",22,438.94
"baked pork with eggs",54,59.78
"refried refried chunky drumsticks with rice",39,222.92
"refried cheese cookies light with rice",110,58.64
"shredded cheese whole corn",32,34.89
"refried spicy pork with eggs",26,142.74
"Chinese baked delicious pork gravy",7,409.66
"Chinese spicy MSG-free beef with green beans",23,433.31
"baked pasta",47,423.87
"refried cheese delicious garbanzo beans",75,88.38
"shredded beans with pork with rice",61,451.48
"turkey chicken breast whole corn",33,227.56
"turkey refried mild whole corn",69,316.84
"Chinese chicken chunky green beans",22,41.57
"refried cookies little with eggs",16,181.26
"shredded chicken chunky beef with bacon",98,380.51
"shredded beans with beans",12,11.47
"turkey spicy MSG-free light pickled vegetables",40,372.8
"refried refried cookies nuggets",121,424.98
"Chinese refried MSG-free green beans",98,363.29
"refried spicy MSG-free light green beans",100,82.72
"refried pork gravy",27,172.09
"baked chicken breast with bacon",38,250.69
"shredded spicy delicious light green beans",67,276.22
"refried beans with beef with gravy",69,33.35
"turkey spicy chunky little pickled vegetables",76,25.84
"Chinese baked breast garbanzo beans",95,363.55
"chicken cookies garbanzo beans",106,379.64
"shredded spicy mild vegetables",56,49.51
"Chinese refried pork with eggs",73,414.77
"shredded mild beef with green beans",77,180.3
"shredded spicy beef with green beans",74,192.65
"turkey chunky pork with rice",96,47
"Chinese spicy mild little with eggs",115,149.05
"turkey spicy MSG-free green beans",39,126.31
"Chinese chicken cookies green beans",85,162.23
"chicken mild little with eggs",38,100.9
"Chinese spicy delicious beef with eggs",110,79.12
"shredded cheese cookies green beans",114,123.96
"turkey spicy beef with gravy",2,144.6
"MSG-free beef with bacon",119,344.02
"breast chocolate",122,342.01
"refried refried cookies green beans",40,322.14
"refried chunky pork gravy",112,415.34
"Chinese cheese green beans",61,277.99
"Chinese chicken mild chocolate",76,29.44
"shredded chicken mild light with eggs",17,114.75
"spicy chunky beef with green beans",77,105.02
"refried chunky pork with rice",3,287.67
"shredded chicken cookies beef with gravy",127,113.95
"refried spicy beef with gravy",34,387.4
"delicious green beans",71,122.25
"shredded spicy delicious pasta",80,214.02
"refried chicken green beans",21,375.96
"refried cheese beans with beef with gravy",75,230.66
"turkey refried little with eggs",101,421.9
"Chinese cheese MSG-free beans",120,345
"Chinese baked breast pork with rice",47,146.97
"cookies light bacon",111,122.37
"Chinese baked pork with rice",64,43.11
"Chinese refried beans with beef with gravy",118,133.54
"refried chicken MSG-free chocolate",108,189.07
"Chinese chicken cookies whole corn",93,140.04
"turkey chicken delicious beef with bacon",26,4.14
"turkey cheese MSG-free light with rice",38,347.8
"Chinese pork with eggs",123,256.03
"turkey baked chunky with potatoes",120,80.41
"Chinese mild pork with rice",49,460
"turkey spicy MSG-free pork gravy",125,219.62
"refried vegetables",19,458.94
"turkey refried delicious light with eggs",22,139.9
"Chinese cheese chunky drumsticks with rice",13,81.64
"baked chunky vegetables",102,207.77
"turkey chicken MSG-free pork gravy",55,79.52
"shredded chicken chunky beans",49,276.99
"turkey cheese cookies beef with bacon",125,65.58
"Chinese refried pork with rice",12,448.3
"baked delicious beef with bacon",19,265.06
"turkey cookies whole corn",22,186.72
"Chinese spicy beef with bacon",106,314.75
"Chinese baked beans with little with eggs",90,28.87
"refried little with rice",92,264.84
"refried refried cookies lasagna",57,238.92
"Chinese baked MSG-free green beans",60,284
"Chinese cheese delicious little shredded mansion",113,131.31
"Chinese chicken chunky green beans",6,352.76
"Chinese spicy MSG-free beef with pickled vegetables",76,226.9
"refried refried beef with bacon",128,210.28
"Chinese chunky pork with rice",9,179.75
"refried baked beans with whole corn",91,311.72
"Chinese refried delicious pasta",86,151.53
"Chinese refried chunky beans",101,143.58
"Chinese cheese mild light green beans",4,69.78
"turkey beans with light with rice",89,322.69
"spicy delicious vegetables",29,454.92
"turkey baked little with rice",2,458.45
"Chinese cheese cookies light green beans",70,228.55
"shredded spicy cookies light with eggs",18,220.44
"turkey spicy MSG-free light green beans",45,464.42
"refried baked beans with little pickled vegetables",98,323.42
"turkey chicken delicious beef with eggs",19,163.91
"turkey cheese delicious light green beans",104,429.26
"Chinese spicy MSG-free little shredded mansion",29,349.3
"turkey baked chicken breast with bacon",17,83.65
"Chinese cheese beans with little pickled vegetables",51,356.5
"shredded baked cookies beef with eggs",17,123.06
"Chinese chicken chicken breast with eggs",62,340.4
"Chinese cheese delicious nuggets",13,186.9
"refried baked mild with potatoes",9,396.6
"Chinese refried cookies with potatoes",73,190.16
"shredded baked beans with beef with pickled vegetables",106,183.9
"baked breast little with eggs",106,277.57
"Chinese chicken chunky pasta",30,5.63
"Chinese refried delicious beef with eggs",32,57.01
"shredded cheese delicious beef with pickled vegetables",84,244.98
"Chinese baked chunky pork with rice",124,436.65
"turkey cheese delicious little pickled vegetables",9,461.45
"refried refried delicious little pickled vegetables",103,243.17
"shredded chicken chunky pork with eggs",64,429.55
"refried delicious beans",125,145.25
"shredded spicy green beans",82,88.19
"Chinese refried whole corn",51,23.73
"refried spicy delicious beef with eggs",16,75.04
"turkey chicken beans with light green beans",106,414.4
"beans with beef with gravy",31,36.3
"turkey chicken mild little pickled vegetables",98,311.41
"refried mild little shredded mansion",70,243.99
"baked beans with little pickled vegetables",20,471.76
"Chinese mild light pickled vegetables",27,2.31
"refried chocolate",53,223.49
"shredded light pickled vegetables",22,300.11
"Chinese spicy breast pork with rice",48,125.9
"refried green beans",79,386.06
"refried chicken chunky green beans",14,9.14
"baked beans with with potatoes",120,264.35
"delicious nuggets",73,271.62
"Chinese baked cookies beef with green beans",39,386.55
"Chinese cheese breast pork with rice",92,398.17
"shredded chicken delicious whole corn",41,170.81
"Chinese refried garbanzo beans",23,363.06
"Chinese spicy MSG-free vegetables",99,413.13
"turkey cheese beans with little pickled vegetables",108,202.99
"shredded refried MSG-free pork gravy",9,435.81
"refried refried vegetables",108,436.98
"shredded beans with little pickled vegetables",15,137.16
"Chinese chicken little with eggs",95,226.98
"Chinese chicken beans with light bacon",125,365.81
"Chinese baked beef with bacon",57,431.85
"shredded spicy cookies vegetables",45,393.62
"shredded cheese delicious light with eggs",124,374.09
"turkey spicy cookies whole corn",118,422.62
"shredded light with rice",104,381.27
"turkey baked mild with potatoes",82,13.76
"spicy chicken breast with gravy",128,458.4
"cheese pasta",27,317.68
"refried chicken delicious beef with bacon",101,64.13
"Chinese spicy pork gravy",93,92.68
"refried refried chicken breast with eggs",112,446.12
"turkey refried MSG-free little shredded mansion",125,186.15
"chicken mild light bacon",109,182.53
"Chinese spicy MSG-free pork gravy",126,138.57
"Chinese mild green beans",79,284.94
"refried delicious beef with green beans",73,183.77
"Chinese chicken delicious little with rice",37,231.57
"turkey baked cookies beef with eggs",128,364.43
"turkey chicken chunky beef with pickled vegetables",84,162.11
"Chinese baked little pickled vegetables",54,211.1
"shredded delicious little with eggs",53,382.94
"refried refried chunky little with eggs",84,192.69
"baked MSG-free pork with rice",23,10.52
"Chinese cookies vegetables",115,450.14
"refried chocolate cookies",95,348.21
"turkey cheese MSG-free little pickled vegetables",81,254.77
"Chinese baked beans with green beans",53,169.21
"chicken delicious beef with gravy",99,396.43
"refried baked cookies green beans",92,175.27
"turkey chicken MSG-free little with rice",86,203.42
"Chinese breast little shredded mansion",84,66.12
"refried cheese delicious beef with green beans",116,8.87
"refried cheese MSG-free lasagna",66,391.57
"shredded MSG-free beef with eggs",50,21.33
"refried delicious nuggets",39,222.96
"spicy chunky pork with rice",113,151.61
"Chinese spicy cookies beef with eggs",45,360.29
"Chinese cheese chunky green beans",33,71.57
"turkey refried light bacon",103,206.83
"Chinese baked mild vegetables",113,240.2
"refried cheese breast light green beans",75,391.34
"turkey chicken mild light with rice",36,313.16
"refried MSG-free pork with rice",5,223.25
"refried cheese MSG-free chocolate",75,104.63
"turkey refried little pickled vegetables",77,128.15
"Chinese chicken beans with pork with eggs",96,29.68
"spicy chunky little shredded mansion",113,251.96
"shredded baked mild little with eggs",24,434.66
"turkey chicken MSG-free little with eggs",62,51.7
"refried spicy delicious little with eggs",59,101.33
"Chinese baked vegetables",113,246.89
"Chinese spicy mild little with rice",24,414.78
"shredded beef with gravy",121,409.83
"refried baked chunky garbanzo beans",26,240.79
"refried beef with green beans",63,187.95
"Chinese baked delicious vegetables",85,206.57
"turkey baked cookies light with eggs",117,66.66
"Chinese cheese cookies beef with eggs",50,310.94
"baked delicious chocolate",63,244.02
"refried refried pork with rice",83,276.15
"spicy beans with little with rice",106,399.25
"turkey refried delicious little with rice",14,150.81
"Chinese baked light green beans",79,187.25
"MSG-free lasagna",104,240.04
"turkey beans with little with rice",51,332.11
"Chinese refried mild with potatoes",22,18.75
"refried chicken delicious light green beans",100,2.38
"shredded chicken cookies with potatoes",62,220.79
"Chinese chicken cookies light bacon",62,428.93
"shredded baked cookies light with rice",75,43.91
"turkey chicken breast pork with eggs",6,338.35
"turkey chicken mild pork gravy",41,442.43
"refried cheese cookies little with eggs",118,390.5
"baked beans with little shredded mansion",115,130.68
"cheese lasagna",63,41.87
"Chinese cookies light bacon",86,439.32
"Chinese refried beans with vegetables",93,63.17
"turkey baked chunky drumsticks pickled vegetables",91,131.8
"Chinese cheese cookies little with rice",87,473.45
"shredded spicy cookies little with rice",62,427.11
"Chinese refried chicken breast with eggs",37,66.62
"shredded breast light green beans",11,152.43
"chicken beans with beef with bacon",99,54.59
"Chinese cheese mild little shredded mansion",15,398.91
"turkey baked chunky little with eggs",94,70.15
"turkey refried beans with beef with gravy",31,21.29
"Chinese chicken pork gravy",54,122.68
"turkey baked beans with beef with pickled vegetables",70,359.47
"refried cheese beans with beans",67,56.89
"Chinese cheese breast lasagna",67,63.86
"shredded spicy delicious beef with gravy",21,336.88
"refried chicken MSG-free pork with eggs",24,93.54
"Chinese chicken delicious little with eggs",54,470.26
"refried baked chunky pork with rice",33,416.44
"baked cookies little with eggs",49,13.44
"Chinese chunky vegetables",118,13.63
"chicken mild with potatoes",108,26
"shredded chunky green beans",9,368.92
"Chinese spicy MSG-free lasagna",107,73.23
"turkey baked beans with light with eggs",62,206.36
"turkey mild beef with pickled vegetables",113,411.82
"Chinese cheese delicious beef with eggs",36,234.88
"Chinese refried chunky lasagna",13,325.45
"Chinese cheese breast pork gravy",102,44.57
"beans with beef with green beans",124,145.89
"turkey spicy light with eggs",126,102.7
"shredded cheese delicious chocolate",31,235.73
"shredded refried cookies little with rice",35,300.47
"Chinese chicken chunky chocolate",74,21.11
"shredded refried little with eggs",66,187.32
"turkey cheese mild little with rice",45,38.76
"chicken breast little pickled vegetables",61,42.32
"turkey cookies lasagna",122,285.7
"shredded baked delicious pork gravy",34,265.58
"Chinese refried beef with green beans",49,427.46
"shredded spicy cookies green beans",4,26.19
"Chinese refried pasta",54,142.58
"refried chicken delicious pork gravy",84,265.8
"turkey baked chunky nuggets",119,263.82
"refried chicken chicken breast with green beans",42,83.32
"turkey refried mild beef with green beans",65,210.58
"refried refried cookies beef with bacon",60,204.03
"refried spicy mild beef with eggs",100,136.68
"Chinese refried chunky beef with eggs",47,24.62
"shredded spicy mild pork with rice",77,92.38
"baked chunky drumsticks bacon",125,81.65
"refried cookies vegetables",112,312.88
"Chinese baked cookies little with eggs",127,260.07
"Chinese refried pork with eggs",51,52.84
"Chinese cheese MSG-free green beans",89,236.72
"shredded chicken green beans",61,98.27
"Chinese chicken pork with rice",19,462.27
"Chinese baked nuggets",57,81.67
"Chinese refried light with rice",26,4.76
"chicken cookies beef with bacon",86,376.85
"Chinese baked chunky pork with eggs",110,289.6
"Chinese chicken breast light with rice",56,475.7
"shredded chicken chunky beef with pickled vegetables",65,447.79
"turkey chicken beans",77,348.25
"Chinese spicy MSG-free beef with gravy",57,360.07
"turkey baked chicken breast with gravy",96,198.75
"shredded cheese cookies beef with eggs",69,25.89
"Chinese refried mild green beans",10,201.87
"Chinese baked cookies beans",1,398.48
"shredded cheese breast little pickled vegetables",108,415.83
"cheese delicious pork with rice",79,219.63
"turkey refried beef with bacon",14,421.66
"cheese breast pork gravy",59,419.08
"Chinese cheese MSG-free vegetables",26,336.37
"shredded delicious green beans",117,398.21
"baked chunky drumsticks green beans",83,7.66
"shredded baked mild whole corn",85,273.42
"refried cookies beans",108,451.4
"refried chicken chunky beans",86,234.53
"Chinese baked delicious pork gravy",45,356.57
"turkey refried MSG-free nuggets",112,127.21
"shredded baked MSG-free little shredded mansion",10,212.13
"shredded spicy delicious chocolate",32,440
"turkey baked delicious vegetables",62,274.26
"chicken mild pork gravy",81,120.29
"Chinese cheese MSG-free light bacon",78,150.96
"shredded delicious light pickled vegetables",13,335.75
"Chinese chicken breast pasta",42,243
"Chinese spicy mild light with eggs",54,31.98
"turkey refried beans with beef with eggs",23,198.22
"refried mild with potatoes",128,48.51
"Chinese cheese MSG-free light with rice",13,185.21
"Chinese baked cookies beef with eggs",81,85.53
"refried baked chicken breast with pickled vegetables",26,206.65
"refried MSG-free beans",41,271.26
"refried refried chunky pork with eggs",64,455.95
"refried delicious beef with bacon",17,425.89
"Chinese baked mild beef with pickled vegetables",119,19.49
"refried MSG-free beef with eggs",94,29.21
"turkey spicy beans with beef with bacon",96,57.84
"shredded chicken MSG-free light with eggs",19,361.83
"refried spicy beans with pork with rice",20,473.45
"turkey cheese mild pork with rice",69,346.83
"Chinese spicy delicious chocolate",88,140.14
"shredded baked MSG-free green beans",3,437.62
"Chinese chicken MSG-free pork with rice",123,332.99
"Chinese cheese MSG-free little shredded mansion",33,312.52
"chunky beef with green beans",55,357
"Chinese baked breast beans",94,147.17
"refried cheese mild light with eggs",74,285.96
"Chinese cheese chunky garbanzo beans",31,23.78
"shredded baked cookies light green beans",109,6.82
"refried cheese nuggets",105,335
"Chinese baked delicious little with rice",95,100.76
"shredded cheese chunky drumsticks bacon",45,354.62
"shredded spicy cookies light with rice",2,157.9
"Chinese cheese chunky drumsticks bacon",9,257.5
"Chinese spicy MSG-free whole corn",41,123.87
"shredded chicken cookies light bacon",84,5.02
"Chinese refried delicious nuggets",30,403.99
"cheese cookies light with rice",32,454.7
"chicken breast little shredded mansion",12,21.83
"Chinese refried MSG-free green beans",96,393.98
"turkey mild little pickled vegetables",14,297.65
"shredded baked delicious little shredded mansion",46,163.44
"Chinese chicken chunky lasagna",5,107.21
"turkey chicken delicious beef with gravy",44,242.52
"Chinese beans with little shredded mansion",124,182.29
"shredded spicy breast garbanzo beans",90,51.55
"turkey breast little with rice",81,5.92
"spicy MSG-free beef with green beans",56,256.71
"shredded cookies green beans",116,335.19
"shredded chicken MSG-free light green beans",88,385.26
"chunky drumsticks with rice",70,476.38
"Chinese chicken chunky drumsticks with rice",37,341.81
"Chinese cheese lasagna",122,322.31
"shredded spicy breast pork gravy",112,152.03
"turkey chicken cookies light with eggs",56,164.04
"Chinese spicy chunky beef with green beans",95,406.86
"cheese chicken breast with pickled vegetables",96,385.61
"shredded refried MSG-free little with rice",31,229.45
"mild little shredded mansion",43,235.47
"shredded beans with beef with green beans",67,254.65
"refried chicken mild green beans",122,168.47
"Chinese refried pork with eggs",85,370.86
"baked MSG-free green beans",57,233.31
"turkey baked mild pork with rice",116,209.98
"shredded chicken beans with beef with green beans",24,375.25
"turkey refried cookies vegetables",19,291.45
"refried baked MSG-free garbanzo beans",38,111.72
"Chinese little pickled vegetables",31,183.23
"Chinese baked delicious beef with bacon",58,417.19
"Chinese refried light bacon",93,472.33
"baked cookies light green beans",82,205.37
"Chinese cheese beef with eggs",10,174.99
"Chinese spicy beans with little with rice",63,84.33
"Chinese baked beans with lasagna",80,175.57
"shredded cookies little shredded mansion",119,179.71
"Chinese mild beef with pickled vegetables",20,370.23
"Chinese chicken chunky whole corn",126,332.02
"refried chicken light green beans",88,453.18
"shredded refried delicious lasagna",123,68.05
"shredded beef with green beans",106,177.69
"turkey baked beans with pork with rice",19,433.69
"refried chicken little shredded mansion",81,336.51
"refried cheese breast with potatoes",60,392.83
"baked pork gravy",97,255.15
"Chinese chunky garbanzo beans",50,329.23
"shredded chicken mild green beans",92,155.19
"Chinese delicious green beans",13,198.99
"Chinese cheese mild light with eggs",78,359.8
"shredded cheese green beans",80,452.65
"refried MSG-free pork gravy",16,328.27
"refried chicken nuggets",85,249.08
"Chinese baked chunky nuggets",34,470.3
"shredded refried pasta",120,282.39
"turkey beans with with potatoes",60,471.48
"shredded MSG-free pork with eggs",39,281.9
"turkey baked cookies beef with gravy",9,212.45
"Chinese cheese light bacon",36,270.11
"refried cookies nuggets",49,312.02
"shredded baked cookies garbanzo beans",67,190.02
"refried refried delicious with potatoes",76,65.23
"Chinese refried MSG-free beef with gravy",54,159.37
"Chinese spicy mild light with eggs",45,324.3
"refried cheese MSG-free pork with rice",127,151.21
"Chinese chicken beans with little pickled vegetables",21,107.37
"shredded spicy MSG-free beef with gravy",104,406.32
"refried baked delicious beef with eggs",55,166.65
"turkey refried MSG-free pasta",39,297.26
"shredded chicken mild light green beans",16,119.31
"Chinese chicken chunky drumsticks with rice",9,322.78
"turkey spicy beef with green beans",53,422.13
"Chinese spicy beans with light bacon",65,100.29
"baked little shredded mansion",127,67.11
"Chinese refried cookies light bacon",101,408.07
"shredded chicken delicious green beans",14,167.8
"Chinese cheese chunky pork with rice",66,301.69
"Chinese spicy cookies pork with rice",99,187.27
"shredded chicken delicious little pickled vegetables",62,156.69
"shredded delicious with potatoes",96,117.34
"turkey baked beans with little with rice",128,117.27
"refried refried nuggets",91,31.44
"refried baked cookies pork gravy",123,367.77
"refried refried MSG-free chocolate",90,68.3
"Chinese cheese chunky green beans",32,226.16
"refried spicy beans with light bacon",10,363.36
"chicken garbanzo beans",83,231.41
"cheese beans with pork with eggs",80,292.58
"refried cheese MSG-free beans",84,164.15
"refried chunky nuggets",23,266.1
"turkey chicken delicious whole corn",112,143.4
"refried spicy light with rice",41,266.84
"turkey cheese chunky nuggets",18,462
"refried delicious beef with gravy",28,418.57
"shredded cheese delicious garbanzo beans",79,243.89
"baked MSG-free pasta",114,257.71
"cookies vegetables",84,403.66
"refried refried beans with pork with rice",98,147.44
"Chinese chicken breast little pickled vegetables",34,383.43
"shredded cheese cookies light pickled vegetables",100,1.68
"chicken cookies little with eggs",34,341.51
"Chinese spicy little with eggs",40,181.31
"refried chicken mild pork gravy",114,454.22
"baked chunky pasta",6,328.66
"Chinese cheese breast little pickled vegetables",29,96.2
"refried baked breast nuggets",33,216.99
"Chinese spicy chunky beans",12,406.23
"baked chunky beef with green beans",111,268.91
"Chinese delicious green beans",50,228.44
"turkey cookies light with eggs",30,155.81
"Chinese cheese MSG-free green beans",92,51.45
"Chinese refried delicious beef with green beans",80,131.12
"shredded cheese breast pork with eggs",91,255.8
"refried refried pork with eggs",122,6.96
"turkey cookies beef with eggs",79,198.91
"turkey refried chicken breast with green beans",15,351.97
"refried beans",5,76.63
"shredded spicy beans",120,114.75
"Chinese refried MSG-free lasagna",120,447.83
"Chinese chicken beans with light green beans",44,7.28
"chicken mild green beans",19,440.88
"Chinese spicy breast pork gravy",42,321.92
"spicy chunky little with eggs",4,442.91
"Chinese delicious nuggets",16,226.6
"shredded beans with with potatoes",45,277.18
"Chinese cheese delicious beef with bacon",39,46.25
"shredded baked chunky garbanzo beans",113,448.48
"Chinese chicken breast beans",120,51.13
"shredded refried mild light bacon",17,407.14
"Chinese chicken chunky green beans",40,16.05
"shredded spicy breast light green beans",88,86.88
"refried baked cookies beef with eggs",110,207.81
"refried little with eggs",41,249.51
"Chinese baked light with eggs",40,369.81
"shredded chicken chunky beef with green beans",81,221.58
"Chinese refried chocolate",84,112.07
"Chinese cookies light with eggs",10,255.03
"Chinese chicken delicious little pickled vegetables",13,371.79
"refried beans with beef with bacon",16,397.38
"Chinese chicken MSG-free green beans",117,379.71
"Chinese cheese mild beef with bacon",121,330.04
"Chinese baked delicious light with rice",19,169.66
"turkey chicken breast light with eggs",90,251.52
"turkey chicken light bacon",128,236.51
"turkey spicy delicious light pickled vegetables",20,346.53
"turkey spicy delicious lasagna",128,284.55
"Chinese spicy cookies nuggets",84,250.36
"turkey refried chunky green beans",93,134.33
"turkey baked delicious green beans",45,48.64
"turkey chicken chunky beef with gravy",86,22.52
"Chinese baked MSG-free light with eggs",51,186.05
"Chinese baked MSG-free light bacon",64,267.74
"Chinese cookies nuggets",35,404.76
"Chinese refried chicken breast with green beans",117,284.85
"turkey chicken cookies little pickled vegetables",109,146.92
"Chinese baked cookies with potatoes",51,226.71
"Chinese spicy mild pork with rice",53,230.57
"Chinese baked mild with potatoes",84,148.54
"Chinese baked little shredded mansion",82,28.72
"Chinese cheese delicious green beans",45,291.59
"Chinese breast light with rice",110,432.01
"Chinese baked delicious beef with pickled vegetables",4,430.79
"Chinese chicken cookies little pickled vegetables",25,244.39
"shredded refried cookies light with rice",16,147.35
"Chinese spicy chunky drumsticks green beans",108,246.56
"shredded refried mild beans",124,217.99
"refried chicken MSG-free pork with rice",95,428.04
"turkey baked beans with nuggets",109,425.86
"chunky green beans",90,231.96
"shredded chicken nuggets",98,335.94
"refried refried beans with pork gravy",41,87.74
"refried mild pork gravy",102,75.67
"Chinese spicy beans with vegetables",72,297.14
"shredded refried chicken breast with pickled vegetables",35,102.24
"Chinese baked beans with beef with gravy",4,302.05
"refried cookies beef with eggs",56,288.22
"refried refried little with eggs",100,230.22
"Chinese spicy delicious beef with green beans",91,439.62
"turkey cheese cookies green beans",112,314.62
"spicy delicious little shredded mansion",44,415.97
"turkey baked whole corn",87,392.47
"chunky pork gravy",107,18.5
"turkey refried little with rice",62,26.73
"spicy beans with lasagna",109,456.59
"refried beans with beef with green beans",46,298.43
"chicken delicious beef with green beans",73,315.61
"Chinese baked MSG-free whole corn",52,314.77
"refried refried delicious beef with bacon",48,55.04
"turkey spicy delicious beef with pickled vegetables",22,305.65
"Chinese cheese delicious green beans",34,131.73
"refried spicy delicious with potatoes",99,285.02
"shredded baked cookies with potatoes",77,129
"shredded refried cookies garbanzo beans",44,292.84
"refried chicken cookies lasagna",17,236.4
"Chinese cheese mild green beans",92,116.12
"cheese MSG-free little with rice",78,29.83
"refried baked chunky with potatoes",128,402.73
"turkey chunky with potatoes",121,139.48
"Chinese chicken chunky beef with gravy",21,419
"refried cheese chunky drumsticks bacon",7,394.9
"Chinese refried cookies garbanzo beans",65,165.43
"turkey baked chunky pasta",6,312.04
"turkey baked chunky little pickled vegetables",78,160.78
"refried delicious little with eggs",117,74.3
"turkey spicy delicious beef with bacon",41,349.52
"refried spicy chunky garbanzo beans",48,451.97
"Chinese cookies whole corn",16,227.73
"cheese light with eggs",81,307.59
"Chinese chicken mild light green beans",82,105.38
"Chinese baked mild light bacon",95,170.35
"shredded baked beans with pork gravy",116,214.77
"spicy MSG-free beef with gravy",66,133.32
"shredded cheese MSG-free light pickled vegetables",93,42.67
"Chinese refried beans with light pickled vegetables",62,198.52
"chicken MSG-free beef with gravy",11,25.79
"refried chicken pasta",93,228.59
"Chinese spicy delicious little pickled vegetables",25,388.7
"Chinese chicken chunky pork with rice",100,473.48
"turkey baked delicious beef with green beans",58,459.55
"turkey beans with light green beans",8,163.29
"Chinese chicken MSG-free pork with eggs",42,344.62
"baked beans with beef with bacon",35,141.33
"chicken chunky beef with pickled vegetables",72,303.77
"turkey spicy beans with beef with eggs",69,400.06
"cheese chunky green beans",111,233.67
"shredded spicy MSG-free lasagna",97,382.59
"spicy MSG-free light with eggs",126,414.5
"turkey refried cookies beef with green beans",60,345.86
"refried beans with little with rice",38,397.41
"refried delicious nuggets",112,315.18
"refried beans with pasta",58,411.47
"refried chicken breast light with eggs",125,322.95
"shredded breast light with rice",128,315.88
"turkey chunky beef with green beans",2,206.99
"Chinese spicy chunky with potatoes",108,103.02
"Chinese beans with light green beans",123,389.1
"turkey cheese cookies vegetables",105,414.54
"turkey spicy beans with vegetables",43,456.68
"Chinese cookies little shredded mansion",4,448.07
"Chinese cheese delicious little with eggs",77,306.63
"Chinese baked chunky beef with eggs",34,297.57
"Chinese spicy little shredded mansion",1,313.84
"Chinese cheese delicious little with rice",106,130.72
"cheese MSG-free nuggets",125,50.29
"Chinese beef with gravy",20,121.22
"Chinese baked breast pork with eggs",10,233.77
"turkey baked MSG-free pork with eggs",83,71.24
"refried beans with beans",49,433.67
"refried whole corn",52,143.07
"Chinese cheese cookies beef with green beans",106,179.72
"turkey refried delicious beef with green beans",118,213.85
"baked cookies little shredded mansion",40,244.54
"Chinese spicy MSG-free little with rice",86,340.37
"turkey spicy delicious light with rice",82,231.06
"Chinese chicken breast little with eggs",46,287.62
"Chinese baked pork with eggs",91,370.74
"shredded cheese delicious beans",128,275.58
"refried MSG-free beef with green beans",81,141.64
"Chinese cheese chunky drumsticks with eggs",15,354.31
"shredded chicken beans with pasta",40,28.87
"Chinese cookies little pickled vegetables",1,423.79
"shredded cheese cookies nuggets",12,202.9
"turkey chicken cookies pork with eggs",49,51.55
"shredded baked breast pork with eggs",56,127.21
"refried baked beans with light with rice",13,8.49
"Chinese refried delicious green beans",35,450.04
"Chinese beans with little with rice",17,164.04
"turkey chicken chunky green beans",72,288.93
"cheese delicious with potatoes",33,102.3
"cheese beans with green beans",112,85.85
"shredded refried mild little with rice",29,73.65
"refried spicy beans",25,165.44
"turkey cheese delicious vegetables",17,440.35
"Chinese chicken beef with eggs",19,284.21
"shredded chicken breast pork with eggs",98,14.56
"shredded chicken green beans",45,93.74
"refried spicy delicious beef with green beans",73,254.44
"refried chicken MSG-free beef with bacon",6,184.26
"turkey baked delicious light bacon",118,104.16
"Chinese spicy green beans",119,143.16
"shredded refried MSG-free nuggets",106,423.03
"shredded refried beans",73,389.83
"Chinese spicy delicious little with rice",94,51.46
"baked chunky with potatoes",86,450.51
"shredded cheese delicious pork with eggs",77,396.96
"turkey refried MSG-free little with rice",30,322.43
"shredded baked breast little with rice",96,239.13
"chicken chunky little shredded mansion",32,465.31
"Chinese cheese chunky little with eggs",94,20.3
"Chinese cheese beans with light with rice",5,40.66
"Chinese refried cookies little with rice",118,393.69
"Chinese baked cookies pork with rice",2,10.15
"Chinese baked delicious pork with rice",56,395.01
"Chinese spicy MSG-free little shredded mansion",46,130.23
"Chinese spicy beans with lasagna",71,332.96
"baked nuggets",67,461.63
"Chinese chicken delicious light green beans",82,279.53
"refried cookies beef with bacon",21,446.88
"refried refried mild little shredded mansion",124,14.93
"turkey refried beans with pasta",22,139.56
"refried chicken mild whole corn",113,462.61
"turkey mild nuggets",67,460.58
"refried pasta",93,22.68
"turkey chocolate",17,125.41
"turkey cheese delicious little with eggs",109,302.09
"shredded baked delicious little pickled vegetables",89,343.79
"beans with beef with eggs",74,107.37
"refried chunky drumsticks pickled vegetables",43,12.8
"Chinese chicken beans with with potatoes",33,289.85
"shredded cheese mild little with eggs",89,53.07
"chicken MSG-free pasta",102,138.37
"turkey baked vegetables",26,422.27
"Chinese breast with potatoes",46,268.57
"turkey spicy mild whole corn",37,379.07
"turkey baked breast pork with rice",111,426.15
"spicy breast green beans",4,52.81
"turkey baked chicken breast with green beans",15,33.88
"refried baked mild light bacon",75,145.65
"turkey chicken beef with bacon",31,248.32
"shredded refried green beans",117,284.73
"shredded chicken cookies pork gravy",50,225.47
"Chinese spicy MSG-free chocolate",77,269.15
"refried chicken chunky pork with eggs",103,160.35
"cheese cookies little pickled vegetables",128,290.98
"shredded mild beans",61,359.98
"turkey spicy chocolate cookies",8,164.76
"shredded mild little with rice",80,65.67
"spicy MSG-free little pickled vegetables",29,377.83
"Chinese baked cookies garbanzo beans",71,299.79
"Chinese spicy mild lasagna",122,141.94
"Chinese baked beans with pork with rice",72,125.82
"turkey spicy pasta",39,1.03
"baked beans with beans",66,90.16
"Chinese chicken beans with light green beans",79,441.7
"Chinese spicy MSG-free beef with pickled vegetables",109,319.26
"Chinese chicken cookies beef with bacon",103,156.27
"Chinese chicken chunky little with eggs",118,119.59
"Chinese spicy mild beef with bacon",51,463.87
"refried chunky little with rice",5,324.94
"Chinese chicken beans with chocolate",112,329.79
"turkey chicken breast with eggs",48,314.94
"turkey chicken MSG-free beef with pickled vegetables",88,194.42
"turkey cheese MSG-free beef with gravy",64,43.44
"turkey cheese MSG-free little with rice",57,106.44
"Chinese refried green beans",8,380.84
"refried spicy delicious chocolate",23,449.23
"chicken breast green beans",88,50.37
"Chinese chicken mild nuggets",96,305.79
"chicken little with eggs",105,157.72
"refried spicy mild little with eggs",24,330.4
"Chinese baked delicious little pickled vegetables",86,421.2
"Chinese baked delicious pasta",3,123.62
"turkey cookies light with rice",45,433.22
"shredded refried little shredded mansion",115,11.71
"turkey refried cookies beef with eggs",126,218.78
"Chinese baked beans with pork with rice",29,181.94
"refried refried MSG-free light pickled vegetables",64,368.19
"shredded spicy chunky pasta",41,32.97
"Chinese refried delicious light pickled vegetables",2,406.34
"Chinese cheese delicious light pickled vegetables",22,0.91
"Chinese cheese beans with pork gravy",8,295.11
"cookies beans",5,382.16
"turkey baked chunky garbanzo beans",10,220.54
"Chinese refried beans with pork with eggs",23,74.36
"Chinese spicy cookies lasagna",124,118.3
"Chinese vegetables",79,438.62
"Chinese baked mild lasagna",36,164.18
"Chinese cheese mild light pickled vegetables",9,65.38
"Chinese chicken mild light bacon",66,314.18
"refried baked breast light bacon",32,14.49
"Chinese refried green beans",45,199.41
"turkey baked mild beef with pickled vegetables",35,135.31
"refried spicy breast garbanzo beans",46,226.95
"turkey baked chunky pork with eggs",106,473.63
"turkey MSG-free little shredded mansion",46,443.47
"Chinese chicken chunky drumsticks bacon",20,322.37
"refried baked cookies little with rice",46,410.93
"refried cheese delicious light bacon",23,70.43
"refried spicy chunky vegetables",99,100.52
"Chinese baked breast vegetables",30,405.27
"refried cookies garbanzo beans",10,54.83
"chicken breast with eggs",84,247.52
"refried baked breast green beans",66,265.74
"baked beef with eggs",70,48.26
"Chinese refried green beans",109,434.7
"Chinese cheese cookies whole corn",117,92.64
"Chinese baked breast little pickled vegetables",4,268.96
"shredded beans with little shredded mansion",11,194.37
"Chinese spicy delicious beef with pickled vegetables",87,439.97
"shredded chicken cookies light green beans",99,378.08
"turkey breast light with eggs",63,172.46
"refried cheese breast little shredded mansion",64,176.15
"refried spicy MSG-free green beans",53,246.12
"Chinese chicken breast pork with eggs",75,213.11
"refried chicken beans",76,357.5
"shredded refried delicious little with rice",127,335.98
"Chinese chicken beans with light bacon",30,258.8
"Chinese chicken chunky little shredded mansion",103,109.65
"shredded spicy MSG-free beef with eggs",2,312.78
"Chinese cheese chunky drumsticks bacon",63,358.53
"shredded chicken with potatoes",36,447.93
"Chinese mild chocolate",71,476.82
"Chinese delicious pork with rice",79,315.75
"cheese MSG-free green beans",2,282.03
"refried refried beans with light pickled vegetables",17,390.16
"refried chicken beans with little with rice",111,142.88
"shredded baked with potatoes",31,329.87
"refried MSG-free light with rice",41,314.43
"Chinese baked MSG-free vegetables",48,451.33
"shredded refried little with eggs",12,470.52
"shredded spicy delicious pork with rice",101,294.47
"spicy chocolate",38,116.19
"refried chunky beef with green beans",91,156.4
"shredded chicken mild with potatoes",83,331.56
"Chinese baked green beans",117,15.66
"Chinese spicy mild with potatoes",93,273.73
"shredded MSG-free nuggets",63,313.3
"refried whole corn",87,443.4
"baked MSG-free little with rice",3,330.92
"refried chicken MSG-free little with eggs",46,383.88
"refried refried chunky nuggets",126,205.84
"Chinese cheese beans with beans",104,341.36
"refried delicious light bacon",56,252.61
"Chinese spicy green beans",28,189.47
"spicy MSG-free pork with eggs",121,251.39
"refried chicken breast chocolate",75,255.03
"refried chicken cookies beef with pickled vegetables",42,285.36
"spicy beans with vegetables",37,338.06
"shredded chicken MSG-free whole corn",91,104.46
"Chinese spicy cookies little pickled vegetables",20,21.56
"turkey chunky beef with pickled vegetables",86,389.57
"turkey chicken beans with beef with green beans",3,73.84
"breast little pickled vegetables",40,80.19
"Chinese spicy cookies pork with eggs",39,336.55
"Chinese chicken beans with little with rice",79,182.48
"Chinese chicken mild whole corn",126,185.04
"spicy light bacon",39,306.81
"cheese delicious garbanzo beans",19,45.68
"shredded chicken mild light with rice",10,309.19
"turkey baked pork with rice",102,23.11
"refried spicy MSG-free garbanzo beans",105,33.44
"turkey refried chunky pasta",111,315.48
"refried baked delicious green beans",100,269.78
"refried delicious pasta",4,50.48
"refried cheese delicious little pickled vegetables",58,348.18
"refried cheese cookies light pickled vegetables",24,435.96
"Chinese refried MSG-free beef with pickled vegetables",109,3.41
"baked delicious pork gravy",70,442.53
"cheese MSG-free chocolate",92,171.48
"turkey baked mild chocolate",14,342.7
"Chinese spicy chunky whole corn",45,226.82
"refried cheese breast pasta",123,2.81
"turkey refried light with eggs",78,459.82
"Chinese spicy MSG-free light green beans",38,60.89
"Chinese chicken cookies light bacon",97,96.99
"green beans",37,330.82
"Chinese chicken cookies light green beans",105,299.78
"shredded baked delicious lasagna",123,126.23
"turkey refried chunky whole corn",107,182.9
"Chinese refried MSG-free beans",71,185.59
"turkey refried green beans",23,263.07
"turkey cheese MSG-free green beans",48,450.66
"turkey spicy MSG-free chocolate",12,59.99
"refried spicy mild light bacon",101,82.12
"Chinese chicken chunky drumsticks pickled vegetables",71,43.33
"shredded refried light bacon",26,332.24
"turkey delicious little pickled vegetables",86,271.72
"shredded baked cookies light bacon",54,120.74
"turkey refried cookies lasagna",41,378.01
"refried spicy cookies beef with green beans",41,202.68
"Chinese MSG-free light with eggs",43,389.37
"Chinese baked cookies light bacon",2,442.94
"chicken beans with chocolate",116,55.19
"turkey chunky drumsticks bacon",84,412.32
"shredded chicken little pickled vegetables",61,37.4
"Chinese cheese mild beef with gravy",76,135.64
"refried cheese mild light green beans",90,371.83
"turkey refried MSG-free garbanzo beans",42,247.59
"refried chicken little with eggs",37,63.58
"turkey refried pasta",95,360.88
"cheese beef with pickled vegetables",25,52.2
"Chinese refried beans with beans",103,354.09
"Chinese baked delicious beans",35,432.13
"turkey cheese breast little pickled vegetables",44,139.15
"shredded delicious garbanzo beans",102,197.41
"Chinese chicken MSG-free beans",2,31.35
"Chinese spicy MSG-free pork gravy",72,434.53
"shredded cheese beans",8,163.89
"Chinese chicken breast with gravy",42,222.83
"spicy MSG-free nuggets",110,342.62
"Chinese chicken delicious light green beans",44,456.35
"refried cheese mild pork with eggs",112,181.1
"refried spicy mild garbanzo beans",116,155.23
"turkey refried beans with with potatoes",62,354.57
"Chinese baked chunky green beans",109,376.86
"refried baked breast little shredded mansion",68,457.13
"shredded cheese cookies garbanzo beans",86,89.53
"turkey MSG-free whole corn",32,252.24
"chicken beans with pork gravy",57,416.63
"refried baked cookies beef with pickled vegetables",74,276.04
"Chinese spicy mild light green beans",19,441.39
"Chinese refried MSG-free light pickled vegetables",16,143.02
"Chinese MSG-free pork gravy",46,222.34
"Chinese baked delicious whole corn",4,313.66
"shredded refried delicious beef with eggs",120,432.41
"shredded refried chunky vegetables",43,73.51
"Chinese baked beef with green beans",68,69.14
"shredded spicy breast light with eggs",30,77.17
"turkey refried mild green beans",114,235.03
"refried refried chunky beef with gravy",58,261.25
"Chinese baked delicious light pickled vegetables",125,439.19
"refried cheese cookies lasagna",102,251.47
"Chinese cheese cookies little with eggs",115,354.53
"chicken breast pork with eggs",104,61.72
"baked mild light with rice",102,41.02
"mild beef with gravy",114,422.47
"turkey cheese beans with chocolate",126,325.29
"chicken beans with light green beans",39,355.45
"shredded spicy cookies little with eggs",90,94.89
"turkey cheese cookies nuggets",70,410.12
"Chinese spicy breast little pickled vegetables",61,225.65
"Chinese chicken mild beef with green beans",116,175.95
"shredded cheese mild little shredded mansion",27,462.03
"Chinese spicy MSG-free light with eggs",128,272.84
"shredded delicious light green beans",19,146.03
"turkey chicken chicken breast with bacon",74,386.28
"refried chicken beans with light pickled vegetables",6,321.4
"refried spicy cookies with potatoes",28,239.56
"refried little pickled vegetables",72,84.48
"Chinese spicy mild pasta",70,409.63
"turkey baked little shredded mansion",117,180.85
"refried chicken beans with garbanzo beans",35,396.46
"shredded chicken cookies whole corn",8,155.83
"shredded cheese delicious little with eggs",43,173.58
"Chinese refried chunky drumsticks pickled vegetables",106,215.24
"shredded baked beans with beef with gravy",127,302.55
"shredded cheese beans with light with eggs",28,150.19
"turkey refried beef with green beans",89,349.62
"Chinese spicy beans with beef with gravy",107,306.13
"turkey delicious lasagna",58,270.66
"turkey refried mild beef with bacon",92,250.43
"Chinese cheese chunky nuggets",100,330.51
"cheese beans with beef with bacon",17,445.25
"chicken delicious light with eggs",108,451.95
"refried baked chocolate cookies",67,398.48
"turkey cheese lasagna",70,84.95
"refried baked chunky drumsticks pickled vegetables",50,361.1
"Chinese spicy breast lasagna",102,383.76
"turkey refried MSG-free light with eggs",121,410.83
"Chinese cheese nuggets",81,151.42
"shredded green beans",88,330.41
"refried beef with pickled vegetables",109,328.24
"spicy chunky beans",76,126.54
"refried spicy chunky beef with bacon",41,270.71
"Chinese baked chunky little shredded mansion",110,392.58
"Chinese beans with light with eggs",52,78.17
"refried baked delicious light with eggs",32,25.81
"turkey spicy chunky whole corn",98,59.98
"shredded beef with eggs",95,157.42
"Chinese cheese beans with with potatoes",12,394.25
"Chinese cheese cookies beef with eggs",61,191.66
"cheese vegetables",76,407.52
"turkey chicken MSG-free pork with eggs",114,391.72
"shredded chicken beans",2,65.4
"Chinese chicken green beans",62,431.95
"Chinese cheese chunky pork gravy",77,70.41
"Chinese refried chunky little with eggs",86,95.72
"Chinese chunky green beans",96,101.87
"Chinese refried beans with beans",12,145.74
"shredded cheese beef with gravy",12,165.11
"Chinese cheese beans with beef with gravy",31,108.81
"Chinese delicious pasta",85,67.07
"Chinese baked chunky drumsticks green beans",105,473.2
"shredded chicken breast whole corn",85,86.85
"chicken beans with nuggets",81,327.64
"refried baked light pickled vegetables",86,328.36
"Chinese spicy breast green beans",78,165.4
"Chinese chicken cookies beef with eggs",75,412.23
"shredded chicken cookies little with eggs",83,32.73
"refried spicy MSG-free beans",45,357.22
"Chinese spicy chunky nuggets",44,129.02
"chicken pork with eggs",14,32.05
"refried spicy mild light green beans",18,33.54
"Chinese cookies little pickled vegetables",52,333.62
"turkey spicy cookies vegetables",99,179.58
"refried cheese cookies beef with bacon",126,461.63
"Chinese baked delicious beef with eggs",111,228.5
"turkey spicy mild pasta",31,90.08
"shredded refried light with eggs",20,426.87
"baked light with rice",66,317.71
"turkey delicious pork with eggs",75,324.83
"Chinese spicy mild beef with pickled vegetables",26,457.16
"Chinese chicken cookies nuggets",6,298.79
"shredded refried chunky pork with rice",83,182.77
"shredded chicken cookies vegetables",26,135.94
"shredded refried light with rice",75,37.9
"refried spicy chunky beef with green beans",128,276.96
"refried mild light with rice",12,110.78
"turkey spicy little pickled vegetables",49,388.67
"turkey baked mild light pickled vegetables",35,155.73
"Chinese MSG-free green beans",52,101.42
"refried refried MSG-free beef with eggs",94,257.6
"Chinese spicy delicious garbanzo beans",16,68.92
"turkey chicken MSG-free with potatoes",26,103.22
"shredded spicy cookies beef with eggs",94,118.1
"Chinese refried chicken breast with bacon",81,213.23
"cheese cookies pork with eggs",30,168.52
"Chinese baked MSG-free lasagna",66,31.53
"Chinese spicy breast chocolate",95,206.96
"turkey baked chunky beef with pickled vegetables",19,281.07
"shredded delicious beef with pickled vegetables",107,399.41
"Chinese refried little with rice",74,228.96
"baked little pickled vegetables",43,104.03
"Chinese refried chunky garbanzo beans",70,191.14
"shredded refried mild nuggets",56,219.83
"shredded chicken mild little pickled vegetables",52,354.22
"Chinese chicken beef with bacon",38,423.74
"turkey refried vegetables",14,386.64
"MSG-free pork with rice",29,48.92
"shredded chicken breast little with rice",32,234.14
"chicken breast light with eggs",26,44.42
"Chinese chicken breast light pickled vegetables",60,95.05
"shredded cookies light with rice",122,180.06
"turkey spicy mild pork with rice",51,307.2
"shredded cookies beans",53,85.42
"Chinese chicken delicious with potatoes",117,312.25
"turkey refried cookies garbanzo beans",7,143.91
"chicken MSG-free little with eggs",74,4.18
"turkey cheese little shredded mansion",126,428.46
"turkey spicy breast light with eggs",96,463.79
"shredded refried whole corn",33,383.61
"Chinese cookies light pickled vegetables",2,129.83
"Chinese breast light pickled vegetables",79,155.35
"turkey baked chunky green beans",57,131.27
"refried cookies green beans",91,109.11
"turkey chicken breast with potatoes",64,326.53
"Chinese cheese beans with garbanzo beans",100,90.2
"shredded cheese breast light with rice",10,83.52
"turkey baked chicken breast with pickled vegetables",16,7.97
"Chinese refried MSG-free little pickled vegetables",29,452.25
"Chinese baked chicken breast with eggs",77,122.69
"chicken chunky with potatoes",80,157.85
"chunky little pickled vegetables",58,425.93
"refried cheese chunky pork with rice",8,147.36
"Chinese cheese breast chocolate",126,46.01
"baked chunky lasagna",121,182.79
"Chinese delicious nuggets",16,345.72
"turkey spicy breast light green beans",63,58.26
"Chinese chicken light with eggs",76,424.85
"refried chicken chocolate",34,336.04
"refried cookies light with rice",83,31.94
"shredded cookies beef with gravy",85,149.73
"Chinese delicious little with rice",115,3.65
"Chinese chicken beef with gravy",93,400.28
"Chinese baked mild beef with gravy",110,357.53
"Chinese mild beef with pickled vegetables",40,312.43
"shredded baked breast light bacon",97,80.94
"turkey chicken light green beans",52,448.65
"refried spicy lasagna",65,23.45
"Chinese chicken mild pork gravy",30,310.97
"shredded beans with lasagna",77,212.63
"Chinese refried chunky garbanzo beans",43,270.4
"Chinese spicy beef with pickled vegetables",38,319.4
"shredded chicken breast with potatoes",74,64.23
"Chinese cheese chunky garbanzo beans",78,49.22
"Chinese refried MSG-free little shredded mansion",109,111.74
"Chinese refried beef with bacon",58,245.34
"cheese mild vegetables",103,36.24
"turkey beans with pork with eggs",115,473.72
"shredded refried cookies light pickled vegetables",35,249.4
"Chinese refried chunky little with eggs",83,254.99
"Chinese baked cookies beef with gravy",97,423.13
"refried beans with pork with eggs",7,158.4
"shredded beans with green beans",127,56.54
"refried spicy MSG-free lasagna",41,394.04
"chicken little with rice",91,192.61
"Chinese chicken mild pork with rice",101,162.71
"Chinese cheese MSG-free garbanzo beans",69,452.18
"cheese cookies green beans",40,216.09
"breast light bacon",33,375.86
"turkey refried cookies green beans",115,259.97
"refried refried delicious beans",106,335.87
"refried chicken cookies little shredded mansion",115,392.2
"cheese delicious beef with pickled vegetables",46,427.53
"Chinese baked cookies little with eggs",91,370.13
"chicken chicken breast with pickled vegetables",17,476.21
"Chinese cheese breast beans",59,39.4
"turkey delicious little shredded mansion",31,109.45
"Chinese cheese cookies nuggets",84,245.08
"Chinese cheese pasta",77,281.59
"turkey baked breast lasagna",65,207.51
"turkey cheese nuggets",69,261.03
"shredded refried beans with nuggets",123,92.96
"shredded spicy mild chocolate",77,459.4
"refried cookies lasagna",91,301.51
"refried chicken mild nuggets",113,157.12
"Chinese refried delicious lasagna",48,231.47
"breast vegetables",47,33.43
"turkey cheese breast light with eggs",23,352.61
"shredded chicken chunky drumsticks pickled vegetables",72,374.16
"Chinese refried cookies light pickled vegetables",12,8.46
"shredded refried cookies beef with bacon",50,63.74
"Chinese cheese MSG-free beef with eggs",11,161.18
"shredded little shredded mansion",91,369.12
"turkey refried chocolate",47,83.08
"Chinese chicken cookies beef with eggs",63,323.14
"shredded baked chunky drumsticks with eggs",39,441.6
"refried mild little pickled vegetables",102,321.87
"refried cheese beans with lasagna",94,244.21
"refried baked mild chocolate",114,142.18
"refried refried delicious light bacon",81,381.09
"refried nuggets",14,184.72
"refried refried mild chocolate",93,454.85
"Chinese chicken breast with bacon",86,41.09
"turkey chicken breast light green beans",106,432.55
"Chinese chicken MSG-free beef with bacon",84,16.03
"Chinese spicy MSG-free pork with rice",107,274.06
"Chinese cheese beans with chocolate",83,150.1
"Chinese cheese delicious light with eggs",85,206.45
"shredded spicy beans with nuggets",86,265.46
"Chinese chicken mild with potatoes",43,219.37
"chicken delicious little shredded mansion",39,3.25
"shredded chicken chunky little pickled vegetables",111,44.47
"spicy pork gravy",20,309.5
"Chinese cheese delicious beef with gravy",92,16.49
"Chinese refried chunky beef with gravy",22,57.85
"turkey refried mild light with rice",22,293.97
"refried baked breast lasagna",25,224.22
"refried cookies beef with gravy",36,422.04
"turkey beans with beef with eggs",110,80.86
"refried spicy mild pasta",96,87.23
"turkey spicy cookies light with rice",10,125.69
"chicken delicious pork with rice",38,237.84
"Chinese chicken little with rice",76,345.69
"refried beans with beef with bacon",42,79.44
"turkey refried MSG-free beans",72,54.07
"turkey cheese cookies with potatoes",65,369.68
"turkey spicy breast beans",87,17.11
"Chinese baked cookies pork gravy",22,321.17
"shredded refried little pickled vegetables",70,463.4
"cheese MSG-free little pickled vegetables",38,45.39
"shredded refried cookies whole corn",46,130.81
"refried cheese beef with eggs",41,393.57
"breast with potatoes",61,133.85
"turkey MSG-free pork with rice",78,257.5
"Chinese beans with light with rice",100,229.5
"Chinese baked MSG-free pasta",52,398.49
"Chinese chicken MSG-free pork gravy",87,265.17
"turkey baked mild little shredded mansion",98,126.93
"Chinese spicy delicious light green beans",61,74.38
"shredded cheese delicious whole corn",35,291.78
"cheese beans with pork with rice",29,341.24
"turkey refried chunky beef with eggs",96,214.57
"Chinese chicken delicious light pickled vegetables",31,185.39
"Chinese cheese MSG-free pork with eggs",119,303.81
"turkey spicy MSG-free beef with green beans",70,305.9
"refried light with eggs",45,136.15
"Chinese chicken cookies light with rice",59,21.31
"spicy mild little shredded mansion",100,69.06
"Chinese spicy cookies with potatoes",52,370.44
"turkey refried light with eggs",9,311.83
"shredded spicy delicious green beans",124,453.29
"Chinese refried MSG-free little shredded mansion",61,134.21
"Chinese spicy cookies light bacon",114,398.56
"turkey cheese beans with vegetables",107,177.71
"refried spicy cookies little pickled vegetables",90,269.3
"Chinese chicken MSG-free little shredded mansion",61,41.4
"turkey baked cookies whole corn",26,214.04
"turkey chicken beans with vegetables",4,432.72
"shredded chicken beans with little pickled vegetables",52,434.73
"spicy mild chocolate",26,403.14
"refried spicy mild little pickled vegetables",35,264.59
"chunky chocolate",68,185.44
"Chinese baked beans with light with eggs",37,354.27
"Chinese refried light with eggs",31,354.24
"refried baked cookies beef with green beans",31,223.39
"Chinese baked breast little with eggs",111,95.77
"shredded MSG-free vegetables",101,159.31
"Chinese chicken delicious beans",55,345.69
"Chinese baked beans with beef with pickled vegetables",22,198.49
"turkey refried lasagna",95,185.94
"refried spicy MSG-free beef with pickled vegetables",53,37.46
"shredded beans with pasta",5,469.31
"refried baked mild green beans",63,12.73
"Chinese refried mild little shredded mansion",123,223.97
"Chinese chicken mild pasta",21,375.07
"turkey baked beef with bacon",44,115.56
"turkey cheese chunky pasta",118,165.83
"shredded baked little with rice",24,24.78
"spicy beans with green beans",70,111.73
"refried pork with eggs",10,167.4
"turkey cheese mild beef with eggs",50,430.42
"Chinese cheese MSG-free pork with rice",92,82.53
"refried chicken mild beans",115,371.56
"Chinese chicken cookies light pickled vegetables",123,200.17
"spicy beef with pickled vegetables",106,277.7
"Chinese chicken MSG-free beef with gravy",9,39.55
"turkey refried delicious green beans",113,430.5
"Chinese refried mild nuggets",66,8.09
"refried cookies whole corn",47,11.36
"Chinese refried mild beans",93,85.36
